"","actual","dt_pred","rf_predictions","pred_XGB_test","lr_predictions","Actual_Class","DecisionTree_Prediction","RandomForest_Prediction","LinearRegression_Prediction","XGBoost_Prediction"
"4",10,10,10.0219333333333,9.99998227123606,9.97967609082557,"yes","yes","yes","yes","yes"
"6",8,8,7.99296666666667,8.00002562458795,8.00266778188001,"yes","yes","yes","yes","yes"
"11",14,14.456043956044,13.9424666666667,13.9999632395213,13.9732611715183,"yes","yes","yes","yes","yes"
"13",11,11.3427065026362,10.9831666666667,10.9999781991213,10.9815051079005,"yes","yes","yes","yes","yes"
"15",10,10,10.0285,9.99999650660391,9.97288335301154,"yes","yes","yes","yes","yes"
"23",12,11.3427065026362,12.0059666666667,11.9999847685421,11.9894983029585,"yes","yes","yes","yes","yes"
"29",15,14.456043956044,14.8936333333333,14.9999096085252,14.9934831622707,"yes","yes","yes","yes","yes"
"30",11,11.3427065026362,11.0048666666667,10.9999781991213,10.9922265435788,"yes","yes","yes","yes","yes"
"31",10,10,10.0057333333333,9.99998227123606,10.0050875383033,"yes","yes","yes","yes","yes"
"32",15,14.456043956044,14.6170666666667,14.9998938088694,15.0053769856312,"yes","yes","yes","yes","yes"
"56",8,8,7.99506666666667,8.00000860120168,7.98892961632832,"yes","yes","yes","yes","yes"
"57",8,8,8.0023,7.99999436583383,7.98174845840656,"yes","yes","yes","yes","yes"
"88",10,10,9.99783333333333,9.99998227123606,9.99830157891977,"yes","yes","yes","yes","yes"
"95",15,14.456043956044,14.7395666666667,14.9999096085252,15.0146970473221,"yes","yes","yes","yes","yes"
"100",10,10,9.9933,9.99999650660391,9.97600851322652,"yes","yes","yes","yes","yes"
"108",10,10,9.99843333333333,9.99999650660391,9.98189087795865,"yes","yes","yes","yes","yes"
"114",9,9,9.0042,8.99999125757291,8.97736897735049,"yes","yes","yes","yes","yes"
"124",6,5.58415841584158,6.06893333333333,6.00002033807983,5.97126654294553,"yes","yes","yes","yes","yes"
"132",9,9,9.0351,9.00000549294076,8.97342557755553,"yes","yes","yes","yes","yes"
"133",7,7,7.19343333333333,7.00001795838451,6.96286532472751,"yes","yes","yes","yes","yes"
"138",9,9,9.08503333333333,8.99999125757291,8.96357843493499,"yes","yes","yes","yes","yes"
"141",10,10,9.99966666666667,9.99999650660391,9.99245124494484,"yes","yes","yes","yes","yes"
"160",13,13,13.0218333333333,12.9999740588055,12.9957129142535,"yes","yes","yes","yes","yes"
"162",13,13,13.0699333333333,12.9999740588055,12.9940233326592,"yes","yes","yes","yes","yes"
"172",7,7,6.76513333333333,7.00001795838451,6.99445393113061,"yes","yes","yes","yes","yes"
"183",10,10,10.0258333333333,9.99999650660391,9.99780715324533,"yes","yes","yes","yes","yes"
"186",13,13,12.987,12.9999598234376,13.0063230090012,"yes","yes","yes","yes","yes"
"200",10,10,10.0428,9.99998227123606,10.0037361781532,"yes","yes","yes","yes","yes"
"205",8,8,8.06053333333333,7.99999436583383,7.97826043820578,"yes","yes","yes","yes","yes"
"207",9,9,9.02806666666667,9.00001949039656,9.00039075631459,"yes","yes","yes","yes","yes"
"221",9,9,9.03033333333333,9.00000549294076,8.97439241449678,"yes","yes","yes","yes","yes"
"225",10,10,9.96096666666667,10.0000167321247,10.0013356184816,"yes","yes","yes","yes","yes"
"242",5,5.58415841584158,5.0196,5.00026091444209,4.99214771425713,"no","yes","yes","no","yes"
"256",15,14.456043956044,14.8804333333333,14.9999096085252,14.9935980937205,"yes","yes","yes","yes","yes"
"263",11,11.3427065026362,10.9877,10.9999781991213,10.9949214327393,"yes","yes","yes","yes","yes"
"270",13,13,13.1443666666667,12.9999740588055,12.9678341671196,"yes","yes","yes","yes","yes"
"273",14,14.456043956044,14.1029333333333,13.9999790391771,14.0048290814209,"yes","yes","yes","yes","yes"
"274",15,14.456043956044,14.7234,14.9999096085252,15.0121209711352,"yes","yes","yes","yes","yes"
"298",4,5.58415841584158,4.3305,4.00219621542129,3.99657854503671,"no","yes","no","no","yes"
"302",13,13,12.9700666666667,12.9999740588055,12.9890557078206,"yes","yes","yes","yes","yes"
"303",8,8,7.9896,7.99999436583383,7.97011793894093,"yes","yes","yes","yes","yes"
"310",10,10,9.99693333333333,9.99998227123606,9.99864803401276,"yes","yes","yes","yes","yes"
"323",11,11.3427065026362,11.284,10.9999962380901,10.9663561230576,"yes","yes","yes","yes","yes"
"325",7,7,7.0435,7.00000372301666,6.97096138549619,"yes","yes","yes","yes","yes"
"326",7,7,7.002,7.00003786828765,6.99852366370406,"yes","yes","yes","yes","yes"
"329",8,8,7.9944,7.99999436583383,7.97145037782768,"yes","yes","yes","yes","yes"
"330",8,8,8.0192,8.00002562458795,7.9964637628356,"yes","yes","yes","yes","yes"
"332",8,8,8.24956666666667,8.00000860120168,7.97095318635556,"yes","yes","yes","yes","yes"
"339",13,13,12.8945333333333,12.9999598234376,13.0056836852574,"yes","yes","yes","yes","yes"
"341",14,14.456043956044,13.9313666666667,13.9999790391771,13.9930385949418,"yes","yes","yes","yes","yes"
"353",12,11.3427065026362,12.0721666666667,11.9999705331743,11.9931371580065,"yes","yes","yes","yes","yes"
"367",11,11.3427065026362,11.0424666666667,10.9999781991213,10.9959067262217,"yes","yes","yes","yes","yes"
"368",10,10,10.0074333333333,9.99999650660391,9.99414253008631,"yes","yes","yes","yes","yes"
"369",12,11.3427065026362,11.9128666666667,11.9999705331743,12.0053054627908,"yes","yes","yes","yes","yes"
"375",13,13,13.0015333333333,12.9999598234376,13.0080506349316,"yes","yes","yes","yes","yes"
"385",10,10,10.0079666666667,9.99998227123606,9.99399139749631,"yes","yes","yes","yes","yes"
"387",12,11.3427065026362,12.0144333333333,11.9999786770801,11.9880020681321,"yes","yes","yes","yes","yes"
"393",10,10,10.0163333333333,9.99999650660391,9.97785142666129,"yes","yes","yes","yes","yes"
"396",11,11.3427065026362,11.2402666666667,11.000010473458,10.9945692514126,"yes","yes","yes","yes","yes"
"397",10,10,10.014,9.99999650660391,9.98528457092156,"yes","yes","yes","yes","yes"
"402",9,9,8.99783333333333,8.99999125757291,8.99467619042865,"yes","yes","yes","yes","yes"
"407",8,8,8.0134,7.99999436583383,7.98270710524794,"yes","yes","yes","yes","yes"
"435",13,13,13.1197,12.9999952957851,12.9940817797341,"yes","yes","yes","yes","yes"
"446",9,9,9.00146666666667,9.00000549294076,8.99680450215929,"yes","yes","yes","yes","yes"
"454",11,11.3427065026362,10.9894,10.9999924344892,10.993349868191,"yes","yes","yes","yes","yes"
"461",11,11.3427065026362,11.3243,10.9999962380901,10.9637754787872,"yes","yes","yes","yes","yes"
"464",5,5.58415841584158,5.25976666666667,4.97277052282198,4.98657960456821,"no","yes","yes","no","no"
"465",6,5.58415841584158,6.0985,6.00006210370354,5.98845899229635,"yes","yes","yes","yes","yes"
"467",12,11.3427065026362,12.0075666666667,11.9999847685421,12.0105981025407,"yes","yes","yes","yes","yes"
"472",10,10,9.981,9.99999650660391,9.98059718792765,"yes","yes","yes","yes","yes"
"474",11,11.3427065026362,10.9983666666667,10.9999924344892,10.9784063669685,"yes","yes","yes","yes","yes"
"475",10,10,9.99866666666667,9.99999650660391,9.99027831833174,"yes","yes","yes","yes","yes"
"486",13,13,12.9823333333333,12.9999740588055,12.9876805882912,"yes","yes","yes","yes","yes"
"489",11,11.3427065026362,10.9814666666667,10.9999781991213,10.9903008202224,"yes","yes","yes","yes","yes"
"493",11,11.3427065026362,11.0082,10.9999924344892,11.0069506935056,"yes","yes","yes","yes","yes"
"496",15,14.456043956044,14.9708,14.9998938088694,14.9878110844816,"yes","yes","yes","yes","yes"
"499",11,11.3427065026362,10.9962,10.9999924344892,11.000855820812,"yes","yes","yes","yes","yes"
"506",15,14.456043956044,14.9494666666667,14.9999096085252,14.9952896261385,"yes","yes","yes","yes","yes"
"507",12,11.3427065026362,12.0498666666667,11.9999705331743,12.0018082194342,"yes","yes","yes","yes","yes"
"516",6,5.58415841584158,6.2837,6.00002033807983,5.96261146167524,"yes","yes","yes","yes","yes"
"517",9,9,9.01253333333333,8.99999125757291,8.97066559271746,"yes","yes","yes","yes","yes"
"520",6,5.58415841584158,6.2863,6.00003457344768,5.96571252484406,"yes","yes","yes","yes","yes"
"525",4,5.58415841584158,5.09343333333333,4.00213936999899,3.96180103063219,"no","yes","yes","no","no"
"532",13,13,13.2588666666667,12.9999740588055,12.9666975250248,"yes","yes","yes","yes","yes"
"533",12,11.3427065026362,11.9211666666667,11.9999984849694,12.002724025652,"yes","yes","yes","yes","yes"
"537",11,11.3427065026362,10.9642333333333,11.000010473458,11.0124274360492,"yes","yes","yes","yes","yes"
"540",10,10,10.2998333333333,9.99999650660391,9.96312802437181,"yes","yes","yes","yes","yes"
"541",15,14.456043956044,14.9981,14.9999019527752,14.9687037828666,"yes","yes","yes","yes","yes"
"545",10,10,10.2804666666667,9.99999650660391,9.96182161673835,"yes","yes","yes","yes","yes"
"550",11,11.3427065026362,10.985,11.000010473458,11.0244222179568,"yes","yes","yes","yes","yes"
"557",14,14.456043956044,13.9282333333333,13.9999837992082,14.0123235985534,"yes","yes","yes","yes","yes"
"558",12,11.3427065026362,11.9733333333333,11.9999847685421,12.0032178514168,"yes","yes","yes","yes","yes"
"565",14,14.456043956044,14.1624,13.9999632395213,13.9677945615077,"yes","yes","yes","yes","yes"
"566",10,10,10.1685,10.0000024967569,9.95898731750287,"yes","yes","yes","yes","yes"
"570",11,11.3427065026362,11.2500333333333,10.9999804384344,10.9651701465995,"yes","yes","yes","yes","yes"
"576",11,11.3427065026362,10.9834,10.9999924344892,10.998311516485,"yes","yes","yes","yes","yes"
"585",11,11.3427065026362,11.5956666666667,10.9999804384344,10.9626757433731,"yes","yes","yes","yes","yes"
"590",13,13,13.3125333333333,12.9999652607615,12.9587329686995,"yes","yes","yes","yes","yes"
"597",9,9,8.984,9.00000549294076,8.99012686243481,"yes","yes","yes","yes","yes"
"604",11,11.3427065026362,11.0242333333333,11.000010473458,11.0041881975519,"yes","yes","yes","yes","yes"
"607",9,9,9.01416666666667,8.99999125757291,8.96434731662181,"yes","yes","yes","yes","yes"
"618",7,7,7.06926666666667,7.00000372301666,6.96601191039853,"yes","yes","yes","yes","yes"
"630",10,10,10.1645666666667,10.0000024967569,9.96135034587643,"yes","yes","yes","yes","yes"
"639",14,14.456043956044,14.0495333333333,13.9999837992082,13.9964246748297,"yes","yes","yes","yes","yes"
"650",9,9,9.04136666666667,9.00000549294076,8.97600418979451,"yes","yes","yes","yes","yes"
"666",10,10,10.2431,9.99999650660391,9.96120823515726,"yes","yes","yes","yes","yes"
"677",12,11.3427065026362,12.0250333333333,12.0000005681979,11.9881708416707,"yes","yes","yes","yes","yes"
"685",10,10,10.0250666666667,9.99998227123606,9.98792462897837,"yes","yes","yes","yes","yes"
"687",13,13,12.9608666666667,12.9999740588055,12.9806857852735,"yes","yes","yes","yes","yes"
"710",7,7,7.0862,7.00003786828765,6.99108362839019,"yes","yes","yes","yes","yes"
"712",11,11.3427065026362,11.3243,10.9999962380901,10.9641101007594,"yes","yes","yes","yes","yes"
"717",8,8,8.54153333333334,8.00002562458795,7.98580089720455,"yes","yes","yes","yes","yes"
"718",6,5.58415841584158,6.03886666666667,6.00006210370354,5.9870040651402,"yes","yes","yes","yes","no"
"731",11,11.3427065026362,11.022,10.9999781991213,10.9899852532952,"yes","yes","yes","yes","yes"
"736",10,10,10.0377,9.99998227123606,9.98619714906006,"yes","yes","yes","yes","yes"
"741",14,14.456043956044,13.9434,13.9999790391771,13.991575899829,"yes","yes","yes","yes","yes"
"742",8,8,8.3566,8.00000860120168,7.96228307012794,"yes","yes","yes","yes","yes"
"749",14,14.456043956044,14.1555,13.9999790391771,13.9842849774716,"yes","yes","yes","yes","yes"
"758",15,14.456043956044,14.8436333333333,14.9998938088694,14.9988043644123,"yes","yes","yes","yes","yes"
"759",13,13,12.9667333333333,12.9999898584612,12.9938829224414,"yes","yes","yes","yes","yes"
"771",11,11.3427065026362,10.9715333333333,10.9999924344892,10.9948197259383,"yes","yes","yes","yes","yes"
"774",9,9,8.8997,8.99999125757291,8.98156524720107,"yes","yes","yes","yes","yes"
"778",13,13,13.0556,12.9999898584612,12.9791312956371,"yes","yes","yes","yes","yes"
"779",15,14.456043956044,14.9271333333333,14.9999096085252,14.9719600656399,"yes","yes","yes","yes","yes"
"783",10,10,10.0073,9.99998227123606,9.99507869693613,"yes","yes","yes","yes","yes"
"785",5,5.58415841584158,5.30533333333333,4.97456476672374,4.98635970775552,"no","yes","yes","no","no"
"790",12,11.3427065026362,12.0579333333333,11.9999847685421,11.9923595148738,"yes","yes","yes","yes","yes"
"794",12,11.3427065026362,12.0395333333333,11.9999705331743,11.9955157882911,"yes","yes","yes","yes","yes"
"795",12,11.3427065026362,12.0380333333333,11.9999705331743,12.0014319919776,"yes","yes","yes","yes","yes"
"799",11,11.3427065026362,11.0075,10.9999781991213,10.9929336807014,"yes","yes","yes","yes","yes"
"807",6,5.58415841584158,6.024,6.00006210370354,5.9902804743435,"yes","yes","yes","yes","yes"
"811",12,11.3427065026362,11.9939666666667,11.9999786770801,11.9886738238702,"yes","yes","yes","yes","yes"
"813",6,5.58415841584158,6.18596666666667,6.00006210370354,5.9851384000144,"yes","yes","yes","yes","no"
"816",7,7,7.0342,7.00003786828765,6.99349340305038,"yes","yes","yes","yes","yes"
"824",6,5.58415841584158,5.99193333333333,6.00002033807983,6.0038403010322,"yes","yes","yes","yes","yes"
"826",7,7,7.005,7.00003786828765,7.00205194179318,"yes","yes","yes","yes","yes"
"830",7,7,7.004,7.00003786828765,7.00667474387635,"yes","yes","yes","yes","yes"
"835",7,7,6.9945,7.00003786828765,7.00671690300237,"yes","yes","yes","yes","yes"
"849",8,8,8.00706666666667,8.00000860120168,7.99469021288621,"yes","yes","yes","yes","yes"
"872",11,11.3427065026362,10.9937333333333,10.9999924344892,11.0049929616179,"yes","yes","yes","yes","yes"
"875",11,11.3427065026362,10.9614,10.9999924344892,11.0088634262314,"yes","yes","yes","yes","yes"
"878",10,10,9.99916666666667,9.99999650660391,10.006450834572,"yes","yes","yes","yes","yes"
"898",6,5.58415841584158,6.122,6.00006210370354,5.98807330751702,"yes","yes","yes","yes","no"
"903",5,5.58415841584158,5.03536666666667,4.9998999108554,4.9946118954653,"no","yes","yes","no","yes"
"907",6,5.58415841584158,6.02,6.00006210370354,5.99532043581041,"yes","yes","yes","yes","yes"
"922",5,5.58415841584158,5.1622,5.00010483530832,5.01201131478133,"no","yes","yes","yes","yes"
"925",6,5.58415841584158,6.01453333333333,6.00002033807983,6.00795578297359,"yes","yes","yes","yes","yes"
"929",6,5.58415841584158,5.96826666666667,6.00002033807983,6.01134485256031,"yes","yes","yes","yes","yes"
"939",6,5.58415841584158,5.82383333333333,6.00002033807983,6.015854205858,"yes","yes","yes","yes","yes"
"941",7,7,6.9952,7.00001795838451,7.0102654321513,"yes","yes","yes","yes","yes"
"943",7,7,6.988,7.00000372301666,7.01377846659232,"yes","yes","yes","yes","yes"
"955",8,8,7.9851,7.99999436583383,7.98859903856694,"yes","yes","yes","yes","yes"
"961",7,7,7.0485,7.00000372301666,6.99247950777111,"yes","yes","yes","yes","yes"
"966",8,8,7.9991,7.99999436583383,7.99252446129255,"yes","yes","yes","yes","yes"
"970",8,8,7.99683333333333,7.99999436583383,7.99546253921495,"yes","yes","yes","yes","yes"
"971",8,8,7.99793333333333,8.00000860120168,7.99289461458181,"yes","yes","yes","yes","yes"
"978",8,8,8.01896666666667,8.00000860120168,7.99072717156517,"yes","yes","yes","yes","yes"
"987",8,8,7.95256666666667,8.00000860120168,8.00141731907567,"yes","yes","yes","yes","yes"
"994",10,10,10.0031,9.99998227123606,10.000937763241,"yes","yes","yes","yes","yes"
"999",8,8,8.00386666666667,8.00000860120168,8.00024069474164,"yes","yes","yes","yes","yes"
"1016",9,9,9.0132,9.00000549294076,9.01448658422068,"yes","yes","yes","yes","yes"
"1021",10,10,9.98906666666667,9.99998227123606,10.0171357054864,"yes","yes","yes","yes","yes"
"1025",10,10,9.9892,9.99999650660391,10.0037019545683,"yes","yes","yes","yes","yes"
"1030",10,10,10.0013666666667,9.99999650660391,10.0054957501559,"yes","yes","yes","yes","yes"
"1036",10,10,9.992,9.99999650660391,10.0149730299271,"yes","yes","yes","yes","yes"
"1037",11,11.3427065026362,10.9970333333333,10.9999924344892,11.013035525301,"yes","yes","yes","yes","yes"
"1040",6,5.58415841584158,6.12613333333333,6.00002033807983,6.0176966220832,"yes","yes","yes","yes","yes"
"1047",10,10,9.93423333333333,9.99999650660391,10.0234442763426,"yes","yes","yes","yes","yes"
"1070",6,5.58415841584158,5.9951,6.00002814038901,6.0000518533026,"yes","yes","yes","yes","yes"
"1073",6,5.58415841584158,6.0008,6.00002033807983,6.00571229471218,"yes","yes","yes","yes","yes"
"1079",6,5.58415841584158,5.98933333333333,6.00002033807983,6.00532253080007,"yes","yes","yes","yes","yes"
"1086",7,7,7.00716666666667,7.00001795838451,7.01322751540385,"yes","yes","yes","yes","yes"
"1087",8,8,7.99353333333333,8.00002562458795,8.00657978253414,"yes","yes","yes","yes","yes"
"1089",6,5.58415841584158,5.92216666666667,6.00002033807983,6.01388999480406,"yes","yes","yes","yes","yes"
"1091",6,5.58415841584158,5.96306666666667,6.00002033807983,6.010008635343,"yes","yes","yes","yes","yes"
"1095",6,5.58415841584158,5.84206666666667,6.00002033807983,6.01738320317385,"yes","yes","yes","yes","yes"
"1096",6,5.58415841584158,5.97723333333333,6.00002033807983,6.01405784205939,"yes","yes","yes","yes","yes"
"1101",9,9,9.00506666666667,9.00001949039656,9.01222050385761,"yes","yes","yes","yes","yes"
"1104",7,7,6.98853333333333,7.00001795838451,6.98526006236123,"yes","yes","yes","yes","yes"
"1107",9,9,8.9697,9.00001949039656,9.01366047764,"yes","yes","yes","yes","yes"
"1113",7,7,7.06376666666667,7.00001795838451,6.99996125877824,"yes","yes","yes","yes","yes"
"1114",8,8,8.00163333333333,8.0000037334701,8.01840252946906,"yes","yes","yes","yes","yes"
"1117",8,8,7.9934,8.00002562458795,8.01617867339421,"yes","yes","yes","yes","yes"
"1118",8,8,7.96856666666667,8.00002562458795,8.01864322184815,"yes","yes","yes","yes","yes"
"1119",9,9,8.9917,9.00001949039656,9.0155619601706,"yes","yes","yes","yes","yes"
"1127",9,9,8.98436666666667,8.99999125757291,8.9977128022637,"yes","yes","yes","yes","yes"
"1129",8,8,7.9426,8.00000860120168,7.99494780878847,"yes","yes","yes","yes","yes"
"1130",8,8,8.0041,7.99999436583383,7.9981896870717,"yes","yes","yes","yes","yes"
"1132",8,8,7.99396666666667,7.99999436583383,8.00074464756016,"yes","yes","yes","yes","yes"
"1139",9,9,8.9929,8.99999125757291,8.99729117683597,"yes","yes","yes","yes","yes"
"1141",9,9,9.00283333333333,8.99999125757291,8.99970279878741,"yes","yes","yes","yes","yes"
"1144",9,9,8.98903333333333,8.99999125757291,8.99822258391234,"yes","yes","yes","yes","yes"
"1145",8,8,8.07056666666667,7.99999436583383,8.00552599195882,"yes","yes","yes","yes","yes"
"1151",9,9,8.98293333333333,8.99999125757291,9.00013737124771,"yes","yes","yes","yes","yes"
"1153",8,8,8.03533333333333,7.99999436583383,8.0052127430029,"yes","yes","yes","yes","yes"
"1155",8,8,7.97926666666667,7.99999436583383,8.00860862970483,"yes","yes","yes","yes","yes"
"1159",9,9,8.9985,8.99999125757291,9.00541219602347,"yes","yes","yes","yes","yes"
"1161",9,9,9.016,9.00000549294076,9.00436065923941,"yes","yes","yes","yes","yes"
"1163",9,9,8.93793333333333,8.99999125757291,9.00804952142763,"yes","yes","yes","yes","yes"
"1164",9,9,9.00956666666667,8.99999125757291,9.00651269819085,"yes","yes","yes","yes","yes"
"1174",10,10,10.0135,9.99998227123606,10.0127731933159,"yes","yes","yes","yes","yes"
"1176",10,10,9.9916,9.99998227123606,10.0149825969397,"yes","yes","yes","yes","yes"
"1186",9,9,8.98426666666667,9.00000549294076,9.01530489723391,"yes","yes","yes","yes","yes"
"1195",9,9,8.91823333333333,9.00000549294076,9.01988874691892,"yes","yes","yes","yes","yes"
"1201",10,10,9.86596666666667,9.99999650660391,10.0307199897367,"yes","yes","yes","yes","yes"
"1215",6,5.58415841584158,6.02706666666667,6.00006210370354,5.99184726800106,"yes","yes","yes","yes","yes"
"1217",5,5.58415841584158,4.81156666666667,5.00010483530832,4.99554668019434,"no","yes","no","no","yes"
"1225",6,5.58415841584158,6.00393333333333,6.00004271735346,5.99850592389397,"yes","yes","yes","yes","yes"
"1229",4,5.58415841584158,4.99033333333333,4.00213936999899,4.00367557781773,"no","yes","no","no","yes"
"1231",7,7,7.0035,7.00003786828765,6.99667657621177,"yes","yes","yes","yes","yes"
"1240",7,7,7.00103333333333,7.00003786828765,6.99756742101203,"yes","yes","yes","yes","yes"
"1248",8,8,7.99693333333333,8.00002562458795,8.00100659727546,"yes","yes","yes","yes","yes"
"1270",8,8,8.0115,8.00002562458795,8.00846048160182,"yes","yes","yes","yes","yes"
"1276",9,9,9.0004,9.00001949039656,9.01140019331289,"yes","yes","yes","yes","yes"
"1295",9,9,8.99586666666666,9.00001949039656,9.01620740024538,"yes","yes","yes","yes","yes"
"1297",9,9,9.00026666666667,8.99999125757291,8.99472965176567,"yes","yes","yes","yes","yes"
"1319",9,9,8.96456666666667,9.00001949039656,9.02316318282996,"yes","yes","yes","yes","yes"
"1322",9,9,8.96186666666667,9.00001949039656,9.02171818999239,"yes","yes","yes","yes","yes"
"1323",10,10,10.0009,9.99999650660391,9.99869230326961,"yes","yes","yes","yes","yes"
"1328",11,11.3427065026362,10.9764333333333,10.9999781991213,10.984818023147,"yes","yes","yes","yes","yes"
"1329",10,10,10.0156,10.0000167321247,10.0232554705961,"yes","yes","yes","yes","yes"
"1332",10,10,10.012,9.99998227123606,9.99935656749351,"yes","yes","yes","yes","yes"
"1334",9,9,8.9909,8.99999125757291,8.99788373203932,"yes","yes","yes","yes","yes"
"1335",10,10,10.0054,9.99999650660391,9.98766876219392,"yes","yes","yes","yes","yes"
"1336",9,9,9.01123333333333,9.00000549294076,9.00177016001371,"yes","yes","yes","yes","yes"
"1339",10,10,10.0096666666667,9.99998227123606,9.99395768273497,"yes","yes","yes","yes","yes"
"1345",10,10,9.99683333333333,9.99998227123606,10.0070410461194,"yes","yes","yes","yes","yes"
"1347",8,8,8.0206,7.99999436583383,8.00428002352321,"yes","yes","yes","yes","yes"
"1352",12,11.3427065026362,12.0571666666667,11.9999847685421,11.9910951648846,"yes","yes","yes","yes","yes"
"1358",11,11.3427065026362,11.0253666666667,10.9999781991213,10.9993674453594,"yes","yes","yes","yes","yes"
"1362",9,9,8.9966,9.00000549294076,9.00462257477778,"yes","yes","yes","yes","yes"
"1368",10,10,10.0246666666667,9.99998227123606,10.0096273845172,"yes","yes","yes","yes","yes"
"1370",10,10,10.0054333333333,9.99999650660391,9.99791512870487,"yes","yes","yes","yes","yes"
"1383",9,9,9.0012,9.00000549294076,9.00881451197361,"yes","yes","yes","yes","yes"
"1384",12,11.3427065026362,12.0017666666667,11.9999847685421,11.9974399517196,"yes","yes","yes","yes","yes"
"1389",12,11.3427065026362,11.9881,11.9999705331743,12.0022977046501,"yes","yes","yes","yes","yes"
"1390",10,10,10.0031,9.99998227123606,10.0074770141575,"yes","yes","yes","yes","yes"
"1393",10,10,9.99916666666667,9.99998227123606,10.010975316223,"yes","yes","yes","yes","yes"
"1396",10,10,10.0068666666667,9.99998227123606,10.0170303832086,"yes","yes","yes","yes","yes"
"1398",10,10,9.9977,9.99998227123606,10.018199745518,"yes","yes","yes","yes","yes"
"1399",11,11.3427065026362,10.9259,10.9999781991213,11.0145317976581,"yes","yes","yes","yes","yes"
"1400",11,11.3427065026362,11.033,10.9999924344892,11.0039807883082,"yes","yes","yes","yes","yes"
"1401",11,11.3427065026362,10.9924,10.9999924344892,11.0220129348867,"yes","yes","yes","yes","yes"
"1409",10,10,9.97516666666667,9.99999650660391,10.0167326411673,"yes","yes","yes","yes","yes"
"1414",13,13,12.7599,12.9999598234376,13.0185681682244,"yes","yes","yes","yes","yes"
"1432",7,7,6.99773333333333,7.00003786828765,7.00151344518811,"yes","yes","yes","yes","yes"
"1434",6,5.58415841584158,6.05293333333333,6.00002814038901,6.0005800410953,"yes","yes","yes","yes","yes"
"1437",5,5.58415841584158,5.02763333333333,5.00010483530832,5.00589341822743,"no","yes","yes","yes","yes"
"1449",9,9,8.9674,9.00001949039656,9.00565580619862,"yes","yes","yes","yes","yes"
"1453",9,9,8.97966666666667,9.00001949039656,9.00922348910602,"yes","yes","yes","yes","yes"
"1457",7,7,7.0008,7.00001795838451,7.01218671791065,"yes","yes","yes","yes","yes"
"1458",7,7,6.97696666666667,7.00001795838451,6.98154548942402,"yes","yes","yes","yes","yes"
"1462",6,5.58415841584158,6.01306666666667,6.00002033807983,5.99109067513965,"yes","yes","yes","yes","yes"
"1464",9,9,8.97326666666667,8.99999125757291,8.98357093275132,"yes","yes","yes","yes","yes"
"1466",8,8,8.01456666666667,8.00002562458795,8.0161061159411,"yes","yes","yes","yes","yes"
"1474",8,8,7.99833333333333,8.00000860120168,7.99306824941429,"yes","yes","yes","yes","yes"
"1478",8,8,8.01226666666667,7.99999436583383,8.00333295158697,"yes","yes","yes","yes","yes"
"1480",8,8,8.0145,7.99999436583383,8.00530591529667,"yes","yes","yes","yes","yes"
"1491",9,9,9.0005,9.00000549294076,9.00755758156115,"yes","yes","yes","yes","yes"
"1494",8,8,7.9183,7.99999436583383,8.0302348883624,"yes","yes","yes","yes","yes"
"1504",10,10,10.0232333333333,9.99999650660391,10.0108599470931,"yes","yes","yes","yes","yes"
"1505",10,10,10.014,9.99999650660391,10.0024334605175,"yes","yes","yes","yes","yes"
"1506",8,8,7.9972,7.99999436583383,8.02076373252546,"yes","yes","yes","yes","yes"
"1511",10,10,9.99703333333333,9.99999650660391,10.0181823604933,"yes","yes","yes","yes","yes"
"1513",9,9,8.9906,9.00000549294076,9.00942569211961,"yes","yes","yes","yes","yes"
"1516",11,11.3427065026362,10.9178333333333,10.9999781991213,11.0245052729228,"yes","yes","yes","yes","yes"
"1518",10,10,10.0111333333333,9.99999650660391,10.0131516936212,"yes","yes","yes","yes","yes"
"1521",10,10,9.9956,9.99998227123606,10.0216730807824,"yes","yes","yes","yes","yes"
"1524",12,11.3427065026362,11.6024,11.9999705331743,12.0224102201259,"yes","yes","yes","yes","yes"
"1532",5,5.58415841584158,5.30933333333333,4.98044641708242,4.9860436079862,"no","yes","yes","no","no"
"1536",6,5.58415841584158,6.00116666666667,6.00006210370354,5.99459443756086,"yes","yes","yes","yes","yes"
"1538",5,5.58415841584158,5.04806666666667,5.00010483530832,4.99900136101464,"no","yes","yes","no","yes"
"1539",6,5.58415841584158,6.014,6.00006210370354,5.997307809497,"yes","yes","yes","yes","yes"
"1544",7,7,6.9876,7.00003786828765,6.99743489481308,"yes","yes","yes","yes","yes"
"1545",6,5.58415841584158,5.9967,6.00003457344768,6.00065093165719,"yes","yes","yes","yes","yes"
"1546",7,7,6.99726666666667,7.00003786828765,6.99874481331438,"yes","yes","yes","yes","yes"
"1550",7,7,6.99333333333333,7.00003786828765,6.99996745973193,"yes","yes","yes","yes","yes"
"1566",7,7,6.9896,7.00001795838451,7.01085487607661,"yes","yes","yes","yes","yes"
"1573",9,9,9.02116666666667,9.00001949039656,9.01127228128694,"yes","yes","yes","yes","yes"
"1580",8,8,8.01223333333333,8.00002562458795,8.01554289495986,"yes","yes","yes","yes","yes"
"1586",9,9,9.0034,9.00001949039656,9.01098857046263,"yes","yes","yes","yes","yes"
"1590",9,9,8.9822,9.00001949039656,9.01823640673977,"yes","yes","yes","yes","yes"
"1598",10,10,10.0848,10.0000167321247,10.0174267642968,"yes","yes","yes","yes","yes"
"1602",9,9,8.96063333333333,9.00001949039656,9.02670985530752,"yes","yes","yes","yes","yes"
"1603",9,9,8.99503333333334,9.00001949039656,9.02248287152258,"yes","yes","yes","yes","yes"
"1609",9,9,8.95423333333333,9.00001949039656,9.01778516860112,"yes","yes","yes","yes","yes"
"1611",8,8,7.98233333333333,8.00000860120168,8.02155838487075,"yes","yes","yes","yes","yes"
"1612",10,10,10.0227333333333,9.99998227123606,9.99441565039869,"yes","yes","yes","yes","yes"
"1620",10,10,10.0014333333333,10.0000167321247,10.0236558443446,"yes","yes","yes","yes","yes"
"1627",8,8,7.9475,8.00000860120168,7.9934658947568,"yes","yes","yes","yes","yes"
"1629",9,9,8.9835,9.00001949039656,9.02802640645755,"yes","yes","yes","yes","yes"
"1631",9,9,8.9835,9.00001949039656,9.02836328383952,"yes","yes","yes","yes","yes"
"1632",12,11.3427065026362,12.0369,11.9999984849694,12.0157493529872,"yes","yes","yes","yes","yes"
"1635",10,10,9.9992,9.99999650660391,10.0002664292481,"yes","yes","yes","yes","yes"
"1641",8,8,7.99986666666667,8.00000860120168,8.00272380043413,"yes","yes","yes","yes","yes"
"1643",13,13,12.9548666666667,12.9999898584612,12.9923249181709,"yes","yes","yes","yes","yes"
"1652",8,8,8.00916666666667,8.00000860120168,7.99768966940064,"yes","yes","yes","yes","yes"
"1662",10,10,9.97766666666667,9.99998227123606,10.0056785176624,"yes","yes","yes","yes","yes"
"1663",9,9,9.002,9.00000549294076,8.99717514754282,"yes","yes","yes","yes","yes"
"1664",8,8,7.99916666666667,7.99999436583383,8.00473929945785,"yes","yes","yes","yes","yes"
"1667",9,9,8.98563333333333,9.00000549294076,9.00188162035124,"yes","yes","yes","yes","yes"
"1673",10,10,10.0162333333333,9.99999650660391,10.0028461764759,"yes","yes","yes","yes","yes"
"1675",9,9,8.99323333333333,8.99999125757291,9.00905526273043,"yes","yes","yes","yes","yes"
"1687",12,11.3427065026362,12.0412666666667,11.9999705331743,12.0023845908152,"yes","yes","yes","yes","yes"
"1701",12,11.3427065026362,11.8870666666667,11.9999705331743,12.0118622024923,"yes","yes","yes","yes","yes"
"1709",14,14.456043956044,13.9227,13.9999490041535,14.0105187253249,"yes","yes","yes","yes","yes"
"1711",10,10,10.0145,9.99998227123606,10.0146432460477,"yes","yes","yes","yes","yes"
"1714",10,10,9.9923,9.99998227123606,10.016478953293,"yes","yes","yes","yes","yes"
"1715",10,10,10.0191666666667,9.99999650660391,10.0125470491121,"yes","yes","yes","yes","yes"
"1716",9,9,9.00126666666667,8.99999125757291,9.01117979007809,"yes","yes","yes","yes","yes"
"1720",11,11.3427065026362,10.9595,10.9999781991213,11.0166498431943,"yes","yes","yes","yes","yes"
"1723",9,9,9,9.00000549294076,9.00411684741588,"yes","yes","yes","yes","yes"
"1727",12,11.3427065026362,12.0291666666667,11.9999847685421,12.0102491195811,"yes","yes","yes","yes","yes"
"1741",10,10,10.0632,9.99999650660391,10.0145283322298,"yes","yes","yes","yes","yes"
"1747",10,10,9.95036666666667,9.99998227123606,10.0314926095846,"yes","yes","yes","yes","yes"
"1749",11,11.3427065026362,11.0339,10.9999924344892,11.0115976865504,"yes","yes","yes","yes","yes"
"1772",8,8,7.9798,8.00000860120168,8.01740495770366,"yes","yes","yes","yes","yes"
"1775",7,7,7.00486666666667,7.00000372301666,6.98616543074338,"yes","yes","yes","yes","yes"
"1776",8,8,8.009,8.00002562458795,8.0127503424562,"yes","yes","yes","yes","yes"
"1779",8,8,7.99476666666667,8.00000860120168,7.99339235713724,"yes","yes","yes","yes","yes"
"1785",8,8,7.96946666666667,7.99999436583383,7.9956373591582,"yes","yes","yes","yes","yes"
"1792",10,10,9.99233333333333,9.99998227123606,10.0063251290342,"yes","yes","yes","yes","yes"
"1799",11,11.3427065026362,11.0223,10.9999781991213,11.0085841119289,"yes","yes","yes","yes","yes"
"1813",10,10,9.98506666666667,9.99998227123606,10.0121036667084,"yes","yes","yes","yes","yes"
"1815",10,10,10.022,9.99998227123606,10.0199131678429,"yes","yes","yes","yes","yes"
"1817",10,10,10.0312333333333,9.99999650660391,10.0140927647681,"yes","yes","yes","yes","yes"
"1826",4,5.58415841584158,4.0623,4.00138569914316,3.99013517129604,"no","yes","no","no","no"
"1834",6,5.58415841584158,5.98836666666667,6.00002033807983,6.00507937991081,"yes","yes","yes","yes","yes"
"1847",7,7,7.01236666666667,7.00001795838451,7.01339202970293,"yes","yes","yes","yes","yes"
"1849",9,9,8.97706666666667,9.00001949039656,9.00631374475555,"yes","yes","yes","yes","yes"
"1850",7,7,6.96203333333334,7.00000372301666,7.01883898130449,"yes","yes","yes","yes","yes"
"1855",8,8,8.009,8.00002562458795,8.01627945254407,"yes","yes","yes","yes","yes"
"1862",8,8,7.99126666666667,7.99999436583383,7.9870869495068,"yes","yes","yes","yes","yes"
"1864",9,9,8.9912,9.00001949039656,9.01749001607033,"yes","yes","yes","yes","yes"
"1865",9,9,9.0067,9.00001949039656,9.01493748944792,"yes","yes","yes","yes","yes"
"1873",9,9,9.01086666666667,9.00001949039656,9.01567126835798,"yes","yes","yes","yes","yes"
"1874",9,9,8.99586666666666,9.00001949039656,9.01649583445134,"yes","yes","yes","yes","yes"
"1875",9,9,8.96673333333333,9.00000965777355,9.02626152337133,"yes","yes","yes","yes","yes"
"1881",10,10,9.99776666666667,10.0000167321247,10.0218295521983,"yes","yes","yes","yes","yes"
"1882",6,5.58415841584158,5.93333333333333,6.00002033807983,6.02961476273478,"yes","yes","yes","yes","yes"
"1886",9,9,8.9804,9.00001949039656,9.02681743041925,"yes","yes","yes","yes","yes"
"1895",11,11.3427065026362,10.9732,10.9999781991213,10.9978964572301,"yes","yes","yes","yes","yes"
"1896",11,11.3427065026362,10.9754,10.9999781991213,10.9962195737879,"yes","yes","yes","yes","yes"
"1900",9,9,8.98476666666667,8.99999125757291,8.99665171408206,"yes","yes","yes","yes","yes"
"1901",9,9,8.9788,8.99999125757291,9.00135236220078,"yes","yes","yes","yes","yes"
"1917",11,11.3427065026362,11.0011666666667,10.9999781991213,11.006752371088,"yes","yes","yes","yes","yes"
"1926",11,11.3427065026362,11.0280666666667,10.9999924344892,10.9995775765452,"yes","yes","yes","yes","yes"
"1929",12,11.3427065026362,11.9759,11.9999847685421,12.0005048416664,"yes","yes","yes","yes","yes"
"1935",9,9,9.00906666666667,8.99999125757291,9.01395648893112,"yes","yes","yes","yes","yes"
"1936",12,11.3427065026362,11.9634666666667,11.9999705331743,12.0015652517545,"yes","yes","yes","yes","yes"
"1968",12,11.3427065026362,11.9628333333333,11.9999705331743,12.0147208954037,"yes","yes","yes","yes","yes"
"1990",6,5.58415841584158,6.0345,6.00006210370354,5.99100668511393,"yes","yes","yes","yes","yes"
"1991",7,7,7.07693333333333,7.00003786828765,6.98691610334231,"yes","yes","yes","yes","yes"
"1994",6,5.58415841584158,6.024,6.00006210370354,5.98987475859689,"yes","yes","yes","yes","yes"
"2005",7,7,7,7.00003786828765,6.99771255588077,"yes","yes","yes","yes","yes"
"2006",7,7,7.0045,7.00003786828765,7.00156779566829,"yes","yes","yes","yes","yes"
"2018",12,11.3427065026362,11.9709333333333,11.9999953642631,11.9813756700458,"yes","yes","yes","yes","yes"
"2020",9,9,8.98436666666667,9.00001949039656,9.02047321027069,"yes","yes","yes","yes","yes"
"2026",10,10,10.0341,9.99999650660391,9.99487695899412,"yes","yes","yes","yes","yes"
"2032",10,10,9.97346666666667,9.99999650660391,9.99165893497993,"yes","yes","yes","yes","yes"
"2038",5,5.58415841584158,5.008,5.00042346523883,4.99125212319803,"no","yes","yes","no","yes"
"2047",7,7,6.9926,7.00003786828765,7.00562617302969,"yes","yes","yes","yes","yes"
"2048",6,5.58415841584158,5.99833333333333,6.00002033807983,6.00826514466484,"yes","yes","yes","yes","yes"
"2051",8,8,8.0124,7.99999436583383,7.98320392003857,"yes","yes","yes","yes","yes"
"2053",8,8,8.00146666666667,7.99999436583383,7.98282190587534,"yes","yes","yes","yes","yes"
"2055",7,7,7.0245,7.00000372301666,6.98393715319681,"yes","yes","yes","yes","yes"
"2061",9,9,8.9875,8.99999125757291,8.99200939105276,"yes","yes","yes","yes","yes"
"2064",8,8,8.0108,7.99999436583383,7.98492388727817,"yes","yes","yes","yes","yes"
"2066",8,8,7.9912,8.00000860120168,7.98922600059612,"yes","yes","yes","yes","yes"
"2070",9,9,8.99303333333333,8.99999125757291,8.99492713461439,"yes","yes","yes","yes","yes"
"2074",7,7,6.99983333333333,7.00001795838451,6.99704842684385,"yes","yes","yes","yes","yes"
"2075",11,11.3427065026362,10.9976333333333,10.9999924344892,10.9979449608998,"yes","yes","yes","yes","yes"
"2076",9,9,8.99443333333334,8.99999125757291,9.00182521368668,"yes","yes","yes","yes","yes"
"2078",8,8,8.00916666666667,8.00000860120168,7.99606990353866,"yes","yes","yes","yes","yes"
"2084",11,11.3427065026362,10.9575333333333,10.9999781991213,11.0276934269809,"yes","yes","yes","yes","yes"
"2092",8,8,8.00856666666667,8.00000860120168,7.98427672604229,"yes","yes","yes","yes","yes"
"2098",7,7,7.00366666666667,7.00000372301666,6.97764067340521,"yes","yes","yes","yes","yes"
"2118",7,7,7.23,7.00001795838451,6.96696217149851,"yes","yes","yes","yes","yes"
"2119",8,8,8.00383333333333,8.00000860120168,7.98319637324977,"yes","yes","yes","yes","yes"
"2122",9,9,8.98053333333334,9.00001949039656,9.00787768903713,"yes","yes","yes","yes","yes"
"2126",8,8,8.00086666666667,7.99999436583383,7.98308486144987,"yes","yes","yes","yes","yes"
"2129",12,11.3427065026362,11.9456,11.9999705331743,12.0075948303478,"yes","yes","yes","yes","yes"
"2140",14,14.456043956044,13.9194333333333,13.9999490041535,14.0157891259095,"yes","yes","yes","yes","yes"
"2147",11,11.3427065026362,11.0329333333333,10.9999781991213,10.9792759771625,"yes","yes","yes","yes","yes"
"2157",12,11.3427065026362,11.9984,11.9999705331743,12.0093247878863,"yes","yes","yes","yes","yes"
"2159",14,14.456043956044,13.9784,13.9999790391771,13.9912247770188,"yes","yes","yes","yes","yes"
"2164",9,9,8.97703333333333,9.00000549294076,8.99658872706622,"yes","yes","yes","yes","yes"
"2165",5,5.58415841584158,5.2849,5.00010483530832,4.97869857618178,"no","yes","yes","no","yes"
"2168",5,5.58415841584158,5.70426666666667,5.00011907067617,4.97016922034404,"no","yes","yes","no","yes"
"2185",6,5.58415841584158,6.02,6.00006210370354,5.99464120228521,"yes","yes","yes","yes","yes"
"2189",12,11.3427065026362,12.0777333333333,11.9999953642631,11.9782436023585,"yes","yes","yes","yes","yes"
"2196",5,5.58415841584158,5.004,5.00002954347968,4.99380509628371,"no","yes","yes","no","yes"
"2206",6,5.58415841584158,6.02166666666667,6.00006210370354,5.99235231557362,"yes","yes","yes","yes","yes"
"2208",8,8,7.99336666666667,7.99999436583383,7.97986873889351,"yes","yes","yes","yes","yes"
"2218",13,13,12.9455,12.9999740588055,12.9796421882177,"yes","yes","yes","yes","yes"
"2221",8,8,7.98023333333333,8.00000860120168,7.99374477757743,"yes","yes","yes","yes","yes"
"2236",13,13,13.0838666666667,12.9999598234376,13.0054029805204,"yes","yes","yes","yes","yes"
"2241",12,11.3427065026362,12.1965,11.9999953642631,11.9692498741528,"yes","yes","yes","yes","yes"
"2256",12,11.3427065026362,12.0094333333333,11.9999953642631,11.9847054352009,"yes","yes","yes","yes","yes"
"2259",8,8,7.99816666666667,7.99999436583383,7.97986620969819,"yes","yes","yes","yes","yes"
"2270",12,11.3427065026362,12.0045666666667,11.9999705331743,11.9944712638697,"yes","yes","yes","yes","yes"
"2281",9,9,8.90283333333333,8.99999125757291,8.98236750688775,"yes","yes","yes","yes","yes"
"2283",10,10,10.0078333333333,9.99999650660391,9.98117727535472,"yes","yes","yes","yes","yes"
"2296",10,10,9.97483333333333,9.99999650660391,9.9894263977821,"yes","yes","yes","yes","yes"
"2297",13,13,12.9586666666667,12.9999740588055,12.9822270863663,"yes","yes","yes","yes","yes"
"2311",13,13,13.1922666666667,12.9999652607615,12.9630064563775,"yes","yes","yes","yes","yes"
"2321",10,10,10.0429666666667,10.0000167321247,9.99635104442537,"yes","yes","yes","yes","yes"
"2326",10,10,10.0631666666667,9.99999650660391,9.96547896987868,"yes","yes","yes","yes","yes"
"2331",9,9,8.99806666666667,9.00001949039656,9.00373887270246,"yes","yes","yes","yes","yes"
"2334",13,13,12.9104,12.9999598234376,13.0213858043611,"yes","yes","yes","yes","yes"
"2347",13,13,12.9512666666667,12.9999740588055,12.9814715644683,"yes","yes","yes","yes","yes"
"2361",11,11.3427065026362,10.9527333333333,10.9999924344892,10.9909723636788,"yes","yes","yes","yes","yes"
"2368",15,14.456043956044,14.8134333333333,14.9999096085252,15.006938930878,"yes","yes","yes","yes","yes"
"2370",12,11.3427065026362,11.8187333333333,11.9999984849694,12.0244346509054,"yes","yes","yes","yes","yes"
"2386",12,11.3427065026362,12.1667,11.9999795646073,11.9677972538046,"yes","yes","yes","yes","yes"
"2393",10,10,10.1996333333333,10.0000024967569,9.96067782472079,"yes","yes","yes","yes","yes"
"2397",14,14.456043956044,13.7114666666667,13.9999837992082,14.0229039047512,"yes","yes","yes","yes","yes"
"2399",14,14.456043956044,13.8037,13.9999837992082,14.0076406586612,"yes","yes","yes","yes","yes"
"2406",15,14.456043956044,14.1256333333333,14.999923843893,15.0254914502188,"yes","yes","yes","yes","yes"
"2409",15,14.456043956044,14.1222333333333,14.999923843893,15.0261553511925,"yes","yes","yes","yes","yes"
"2418",11,11.3427065026362,11.3796333333333,10.9999962380901,10.9527788570483,"yes","yes","yes","yes","yes"
"2425",6,5.58415841584158,6.2167,6.00002033807983,5.96129587158677,"yes","yes","yes","yes","yes"
"2426",13,13,12.9478,12.9999952957851,13.0212859080076,"yes","yes","yes","yes","yes"
"2430",9,9,9.01,8.99999125757291,8.96429472910189,"yes","yes","yes","yes","yes"
"2431",11,11.3427065026362,10.9814333333333,11.000010473458,11.0105577340409,"yes","yes","yes","yes","yes"
"2442",10,10,10.0111,9.99998227123606,9.99747192521111,"yes","yes","yes","yes","yes"
"2445",9,9,8.98526666666667,8.99999125757291,8.98512143206457,"yes","yes","yes","yes","yes"
"2463",8,8,8.02116666666667,7.99999436583383,7.97650079003322,"yes","yes","yes","yes","yes"
"2479",8,8,8.01856666666667,8.00000860120168,7.98358912167538,"yes","yes","yes","yes","yes"
"2511",8,8,7.9835,8.00002562458795,8.00222095523295,"yes","yes","yes","yes","yes"
"2515",8,8,8.0119,8.00002562458795,8.01238507154121,"yes","yes","yes","yes","yes"
"2518",7,7,6.9295,7.00000372301666,6.99004597057246,"yes","yes","yes","yes","yes"
"2521",9,9,8.9792,8.99999125757291,8.99892570259274,"yes","yes","yes","yes","yes"
"2526",9,9,9.00083333333333,8.99999125757291,9.00552351632571,"yes","yes","yes","yes","yes"
"2538",11,11.3427065026362,10.4824333333333,10.9999924344892,11.0507107564484,"yes","yes","yes","yes","yes"
"2540",13,13,12.8230333333333,12.9999740588055,13.0168374275645,"yes","yes","yes","yes","yes"
"2542",9,9,8.91243333333333,9.00000549294076,9.0204322033727,"yes","yes","yes","yes","yes"
"2550",5,5.58415841584158,5.0171,5.00057698678081,4.99144315370725,"no","yes","yes","no","yes"
"2551",5,5.58415841584158,5.03043333333333,4.99978859055217,4.9942825663495,"no","yes","yes","no","yes"
"2557",6,5.58415841584158,6.03283333333333,6.00002814038901,6.00090078559198,"yes","yes","yes","yes","yes"
"2558",7,7,7.0035,7.00003786828765,7.00171929257576,"yes","yes","yes","yes","yes"
"2578",7,7,7.0016,7.00000372301666,7.01906990635887,"yes","yes","yes","yes","yes"
"2582",6,5.58415841584158,6.23183333333333,6.00003457344768,5.99757245647073,"yes","yes","yes","yes","yes"
"2587",7,7,7.0036,7.00001795838451,6.99814379897623,"yes","yes","yes","yes","yes"
"2590",7,7,6.8918,7.00000372301666,7.00644153719447,"yes","yes","yes","yes","yes"
"2592",8,8,8.01306666666667,8.00000860120168,7.99888196771868,"yes","yes","yes","yes","yes"
"2596",11,11.3427065026362,10.9949666666667,10.9999924344892,10.9959419958959,"yes","yes","yes","yes","yes"
"2599",9,9,8.9837,8.99999125757291,9.00722445546312,"yes","yes","yes","yes","yes"
"2603",8,8,7.99166666666667,7.99999436583383,8.01172673124906,"yes","yes","yes","yes","yes"
"2615",9,9,8.95873333333333,8.99999125757291,9.01326105563719,"yes","yes","yes","yes","yes"
"2618",9,9,8.82733333333333,8.99999125757291,9.02471120194176,"yes","yes","yes","yes","yes"
"2628",5,5.58415841584158,4.95116666666667,5.00010483530832,4.9935453755842,"no","yes","no","no","yes"
"2638",7,7,6.99096666666667,7.00003786828765,7.00898797151903,"yes","yes","yes","yes","yes"
"2646",8,8,7.99163333333333,7.99999436583383,7.9850967849816,"yes","yes","yes","yes","yes"
"2647",7,7,6.9859,7.00000372301666,7.0156317594093,"yes","yes","yes","yes","yes"
"2649",9,9,9.0078,8.99999125757291,8.98464902739824,"yes","yes","yes","yes","yes"
"2661",8,8,7.99816666666667,8.00000860120168,8.02205487894278,"yes","yes","yes","yes","yes"
"2664",9,9,8.98453333333333,8.99999125757291,9.00008550873775,"yes","yes","yes","yes","yes"
"2667",8,8,7.978,7.99999436583383,7.99946967875064,"yes","yes","yes","yes","yes"
"2669",8,8,8.01086666666667,8.00000860120168,7.99248179831059,"yes","yes","yes","yes","yes"
"2672",8,8,8.00386666666667,8.00000860120168,8.00198870932233,"yes","yes","yes","yes","yes"
"2680",9,9,8.99863333333333,9.00000549294076,8.99957034620379,"yes","yes","yes","yes","yes"
"2683",10,10,10.0010666666667,9.99998227123606,10.005292864867,"yes","yes","yes","yes","yes"
"2685",9,9,8.9922,9.00000549294076,9.00464097961884,"yes","yes","yes","yes","yes"
"2687",11,11.3427065026362,10.9968,10.9999781991213,11.0085120399604,"yes","yes","yes","yes","yes"
"2690",9,9,8.92783333333333,8.99999125757291,9.01403520880552,"yes","yes","yes","yes","yes"
"2691",9,9,8.992,8.99999125757291,9.00882988585589,"yes","yes","yes","yes","yes"
"2693",9,9,8.9896,8.99999125757291,9.01005900739844,"yes","yes","yes","yes","yes"
"2695",10,10,10,9.99999650660391,10.0094729736964,"yes","yes","yes","yes","yes"
"2700",11,11.3427065026362,11.0029333333333,10.9999781991213,11.0141729999368,"yes","yes","yes","yes","yes"
"2701",13,13,12.8785,12.9999598234376,13.0129862069283,"yes","yes","yes","yes","yes"
"2706",13,13,12.8511333333333,12.9999598234376,13.0179319903771,"yes","yes","yes","yes","yes"
"2722",8,8,8.00066666666667,8.00002562458795,8.00274345462702,"yes","yes","yes","yes","yes"
"2727",7,7,6.98056666666667,7.00003786828765,7.00330510051944,"yes","yes","yes","yes","yes"
"2732",8,8,7.99406666666667,8.00002562458795,8.00172010900139,"yes","yes","yes","yes","yes"
"2733",8,8,7.99296666666667,8.00002562458795,8.00367407563155,"yes","yes","yes","yes","yes"
"2736",8,8,7.98083333333333,8.00002562458795,8.00434599599407,"yes","yes","yes","yes","yes"
"2738",9,9,8.9827,9.00001949039656,9.00612688857574,"yes","yes","yes","yes","yes"
"2740",7,7,7.004,7.00003786828765,7.00691300886361,"yes","yes","yes","yes","yes"
"2741",8,8,8.02696666666667,8.00002562458795,8.0083908131646,"yes","yes","yes","yes","yes"
"2751",8,8,7.99666666666667,8.00000860120168,8.02034060801211,"yes","yes","yes","yes","yes"
"2756",10,10,10.0168,9.99999650660391,9.98554154638137,"yes","yes","yes","yes","yes"
"2757",8,8,7.98596666666667,8.00000860120168,8.01970909072461,"yes","yes","yes","yes","yes"
"2758",9,9,9.0018,9.00001949039656,9.01448087078613,"yes","yes","yes","yes","yes"
"2762",10,10,9.99723333333333,10.0000167321247,10.0222352442903,"yes","yes","yes","yes","yes"
"2771",10,10,10.0606666666667,9.99999650660391,9.99481308606381,"yes","yes","yes","yes","yes"
"2776",10,10,10.0331666666667,10.0000167321247,10.0264916972178,"yes","yes","yes","yes","yes"
"2778",9,9,8.9838,9.00001949039656,9.02237208685547,"yes","yes","yes","yes","yes"
"2781",10,10,10.0164,9.99998227123606,10.0003352642285,"yes","yes","yes","yes","yes"
"2782",10,10,10.0009,9.99998227123606,10.0013261998764,"yes","yes","yes","yes","yes"
"2785",9,9,8.97686666666667,8.99999125757291,8.99929732845981,"yes","yes","yes","yes","yes"
"2786",9,9,8.9151,8.99999125757291,9.01397372264129,"yes","yes","yes","yes","yes"
"2788",11,11.3427065026362,11.0230666666667,10.9999924344892,10.9899748869408,"yes","yes","yes","yes","yes"
"2794",12,11.3427065026362,11.9504666666667,11.9999705331743,12.0066707435231,"yes","yes","yes","yes","yes"
"2798",11,11.3427065026362,11.0242333333333,10.9999781991213,11.0066378356712,"yes","yes","yes","yes","yes"
"2801",11,11.3427065026362,10.997,10.9999924344892,11.0040934423178,"yes","yes","yes","yes","yes"
"2802",10,10,10.002,9.99998227123606,9.99405490411172,"yes","yes","yes","yes","yes"
"2803",9,9,8.99516666666667,8.99999125757291,9.01593166546473,"yes","yes","yes","yes","yes"
"2808",13,13,12.5297666666667,12.9999598234376,13.0227926423193,"yes","yes","yes","yes","yes"
"2809",9,9,8.8659,9.00000549294076,9.02752292287013,"yes","yes","yes","yes","yes"
"2815",4,5.58415841584158,4.22616666666667,4.00223341399015,3.99280714534347,"no","yes","no","no","yes"
"2817",6,5.58415841584158,6.02,6.00006210370354,5.995282067065,"yes","yes","yes","yes","yes"
"2825",7,7,6.99396666666667,7.00001152532585,7.01289644997854,"yes","yes","yes","yes","yes"
"2826",8,8,7.9908,8.00002562458795,8.01391396879308,"yes","yes","yes","yes","yes"
"2827",9,9,9.0093,8.99999125757291,8.98486075857973,"yes","yes","yes","yes","yes"
"2831",9,9,8.99066666666667,9.00000549294076,8.98828675461546,"yes","yes","yes","yes","yes"
"2833",9,9,8.99686666666667,9.00000549294076,8.98953736242516,"yes","yes","yes","yes","yes"
"2836",8,8,7.975,7.99999436583383,7.9995490160727,"yes","yes","yes","yes","yes"
"2844",10,10,9.99356666666667,9.99998227123606,10.0043411746528,"yes","yes","yes","yes","yes"
"2851",10,10,10.0089666666667,9.99998227123606,10.008426253958,"yes","yes","yes","yes","yes"
"2856",11,11.3427065026362,10.9891666666667,10.9999924344892,11.007660382503,"yes","yes","yes","yes","yes"
"2857",11,11.3427065026362,10.9623,10.9999924344892,11.0071807445491,"yes","yes","yes","yes","yes"
"2862",12,11.3427065026362,11.9644333333333,11.9999847685421,12.0168758545027,"yes","yes","yes","yes","yes"
"2877",7,7,6.98693333333333,7.00003786828765,7.00449349889896,"yes","yes","yes","yes","yes"
"2884",8,8,8.0046,8.00002562458795,8.01354707906318,"yes","yes","yes","yes","yes"
"2889",8,8,8.02453333333333,8.00002562458795,8.01839321857424,"yes","yes","yes","yes","yes"
"2890",8,8,7.99933333333333,8.00002562458795,8.01544877449428,"yes","yes","yes","yes","yes"
"2894",8,8,8.01466666666667,8.00000860120168,7.99348722047811,"yes","yes","yes","yes","yes"
"2895",11,11.3427065026362,10.9538666666667,11.000010473458,11.0171918766737,"yes","yes","yes","yes","yes"
"2896",10,10,9.99593333333333,10.0000167321247,10.0135144728075,"yes","yes","yes","yes","yes"
"2899",8,8,7.893,7.99999436583383,8.02928833243291,"yes","yes","yes","yes","yes"
"2904",8,8,7.9973,8.00000860120168,7.99540930193108,"yes","yes","yes","yes","yes"
"2908",10,10,9.99756666666667,9.99998227123606,10.0018419692072,"yes","yes","yes","yes","yes"
"2916",10,10,9.9864,10.0000167321247,10.0278787190946,"yes","yes","yes","yes","yes"
"2928",12,11.3427065026362,11.9877666666667,11.9999847685421,12.0055245713167,"yes","yes","yes","yes","yes"
"2940",10,10,10.0457666666667,9.99999650660391,9.99661290539388,"yes","yes","yes","yes","yes"
"2949",8,8,7.9907,8.00000860120168,8.01451951097145,"yes","yes","yes","yes","yes"
"2950",11,11.3427065026362,11,10.9999781991213,11.0089740040686,"yes","yes","yes","yes","yes"
"2951",11,11.3427065026362,11.008,10.9999781991213,11.0125985597782,"yes","yes","yes","yes","yes"
"2956",15,14.456043956044,14.5112,14.9998877174073,15.0150554595273,"yes","yes","yes","yes","yes"
"2963",9,9,8.69173333333333,8.99999125757291,9.04525275365387,"yes","yes","yes","yes","yes"
"2966",9,9,8.94033333333333,8.99999125757291,9.02283086522836,"yes","yes","yes","yes","yes"
"2967",10,10,10.02,9.99998227123606,10.017970787771,"yes","yes","yes","yes","yes"
"2970",10,10,9.98023333333333,9.99998227123606,10.0227750891131,"yes","yes","yes","yes","yes"
"2982",8,8,8.01456666666667,8.00000860120168,7.98392198656861,"yes","yes","yes","yes","yes"
"2987",13,13,13.0487,12.9999598234376,12.99902063781,"yes","yes","yes","yes","yes"
"2990",9,9,8.94793333333334,8.99999125757291,8.99607612942657,"yes","yes","yes","yes","yes"
"2993",8,8,7.85093333333333,7.99999436583383,8.03321296303704,"yes","yes","yes","yes","yes"
"2994",11,11.3427065026362,11.0102,10.9999924344892,11.0109815269844,"yes","yes","yes","yes","yes"
"2997",10,10,9.99866666666667,9.99999650660391,10.0038503593346,"yes","yes","yes","yes","yes"
"3002",11,11.3427065026362,10.9919666666667,10.9999781991213,11.0068545516532,"yes","yes","yes","yes","yes"
"3006",13,13,12.5080666666667,12.9999598234376,13.0219153544887,"yes","yes","yes","yes","yes"
"3016",6,5.58415841584158,6.0008,6.00002033807983,6.00782950986585,"yes","yes","yes","yes","yes"
"3020",8,8,8.01843333333333,8.00002562458795,8.00691189076094,"yes","yes","yes","yes","yes"
"3029",7,7,7.00106666666667,7.00000372301666,7.01892947052737,"yes","yes","yes","yes","yes"
"3033",9,9,9.00256666666666,9.00001949039656,9.02191433144145,"yes","yes","yes","yes","yes"
"3042",9,9,8.98833333333333,8.99999125757291,9.00279335166178,"yes","yes","yes","yes","yes"
"3046",10,10,10.0091333333333,9.99999650660391,9.99198014345848,"yes","yes","yes","yes","yes"
"3047",11,11.3427065026362,11.0225333333333,10.9999781991213,11.0046371794444,"yes","yes","yes","yes","yes"
"3058",13,13,12.9957,12.9999598234376,13.0012664457237,"yes","yes","yes","yes","yes"
"3070",11,11.3427065026362,10.9401333333333,10.9999781991213,11.0145673423443,"yes","yes","yes","yes","yes"
"3073",10,10,9.9901,9.99999650660391,10.0145879404635,"yes","yes","yes","yes","yes"
"3085",5,5.58415841584158,5.16736666666667,4.97186601172753,4.98653384592448,"no","yes","yes","no","no"
"3087",7,7,6.99686666666667,7.00003786828765,6.9962754719329,"yes","yes","yes","yes","yes"
"3092",10,10,10.0338,9.99998227123606,9.9810701910375,"yes","yes","yes","yes","yes"
"3093",11,11.3427065026362,11.0473,10.9999781991213,10.9829364839154,"yes","yes","yes","yes","yes"
"3104",11,11.3427065026362,10.9903,10.9999781991213,11.0148469274763,"yes","yes","yes","yes","yes"
"3111",8,8,8.00423333333333,8.00002562458795,8.00230144196203,"yes","yes","yes","yes","yes"
"3114",7,7,6.99516666666667,7.00003786828765,7.00734584588925,"yes","yes","yes","yes","yes"
"3126",10,10,9.9949,9.99998227123606,10.0042722332675,"yes","yes","yes","yes","yes"
"3136",9,9,8.91473333333333,8.99999125757291,8.98311655288764,"yes","yes","yes","yes","yes"
"3138",10,10,10.0146666666667,9.99998227123606,9.97884659613115,"yes","yes","yes","yes","yes"
"3140",11,11.3427065026362,11.4631,11.000010473458,10.9861977920964,"yes","yes","yes","yes","yes"
"3143",5,5.58415841584158,5.27236666666667,4.97277052282198,4.98641725770987,"no","yes","yes","no","no"
"3145",9,9,8.98726666666667,9.00000549294076,9.01230995451122,"yes","yes","yes","yes","yes"
"3153",11,11.3427065026362,11.0181666666667,10.9999924344892,10.9715036025284,"yes","yes","yes","yes","yes"
"3162",6,5.58415841584158,6.50566666666666,6.00003457344768,5.96139279699699,"yes","yes","yes","yes","yes"
"3164",9,9,9.00506666666667,9.00000549294076,8.9910471467716,"yes","yes","yes","yes","yes"
"3171",14,14.456043956044,14.1286,13.9999632395213,13.9865022635239,"yes","yes","yes","yes","yes"
"3177",12,11.3427065026362,12.1077333333333,11.9999795646073,11.9736388617506,"yes","yes","yes","yes","yes"
"3180",8,8,8.59083333333333,8.00002562458795,7.98464512827997,"yes","yes","yes","yes","yes"
"3181",7,7,7.232,7.00001795838451,6.96847430061261,"yes","yes","yes","yes","yes"
"3182",11,11.3427065026362,10.9702666666667,10.9999781991213,10.9821814385238,"yes","yes","yes","yes","yes"
"3185",13,13,12.8282333333333,12.9999740588055,13.0176069434493,"yes","yes","yes","yes","yes"
"3192",13,13,12.8581,12.9999598234376,13.0111907112618,"yes","yes","yes","yes","yes"
"3193",14,14.456043956044,14.0342333333333,13.9999632395213,13.9735998038198,"yes","yes","yes","yes","yes"
"3198",7,7,7.0319,7.00003786828765,6.99172470610997,"yes","yes","yes","yes","yes"
"3200",9,9,9.06133333333334,9.00000549294076,8.98358694055261,"yes","yes","yes","yes","yes"
"3205",15,14.456043956044,14.7174666666667,14.9998938088694,15.0057762719218,"yes","yes","yes","yes","yes"
"3211",12,11.3427065026362,12.1221,11.9999705331743,11.9943080345023,"yes","yes","yes","yes","yes"
"3212",10,10,10.0049,9.99999650660391,10.0028761725733,"yes","yes","yes","yes","yes"
"3227",10,10,10.0427666666667,9.99999650660391,9.97028053092791,"yes","yes","yes","yes","yes"
"3228",13,13,13.0508,12.9999740588055,12.9686305881548,"yes","yes","yes","yes","yes"
"3240",15,14.456043956044,14.8044666666667,14.9998938088694,15.0077905035516,"yes","yes","yes","yes","yes"
"3258",9,9,8.98683333333333,8.99999125757291,8.98656405805519,"yes","yes","yes","yes","yes"
"3259",7,7,7.03433333333333,7.00000372301666,6.98753536170182,"yes","yes","yes","yes","yes"
"3262",12,11.3427065026362,11.9514666666667,11.9999847685421,12.006684926568,"yes","yes","yes","yes","yes"
"3263",14,14.456043956044,13.9555333333333,13.9999632395213,13.9928264436378,"yes","yes","yes","yes","yes"
"3267",11,11.3427065026362,10.9902333333333,10.9999924344892,10.9791308883315,"yes","yes","yes","yes","yes"
"3278",15,14.456043956044,14.9881,14.999923843893,14.9685153234565,"yes","yes","yes","yes","yes"
"3296",14,14.456043956044,14.1233666666667,13.9999790391771,13.9826325861308,"yes","yes","yes","yes","yes"
"3311",13,13,13.0103333333333,12.9999740588055,12.9969674551577,"yes","yes","yes","yes","yes"
"3318",7,7,7.06486666666667,7.00000372301666,6.95862908112647,"yes","yes","yes","yes","yes"
"3335",8,8,7.99506666666667,8.00002562458795,7.99958687122956,"yes","yes","yes","yes","yes"
"3338",15,14.456043956044,14.014,14.999923843893,15.0387997226043,"yes","yes","yes","yes","yes"
"3356",10,10,10.024,10.0000167321247,10.0020268374519,"yes","yes","yes","yes","yes"
"3358",8,8,8.02266666666667,8.00002562458795,7.99776036587987,"yes","yes","yes","yes","yes"
"3365",11,11.3427065026362,11.2991333333333,10.9999962380901,10.9571408958563,"yes","yes","yes","yes","yes"
"3366",11,11.3427065026362,11.1599,11.000010473458,10.9984999208599,"yes","yes","yes","yes","yes"
"3376",10,10,9.98176666666667,9.99999650660391,9.97652288884176,"yes","yes","yes","yes","yes"
"3379",8,8,8.18906666666667,7.99999436583383,7.9638169019401,"yes","yes","yes","yes","yes"
"3391",10,10,10.0086333333333,9.99998227123606,10.0018109834115,"yes","yes","yes","yes","yes"
"3392",13,13,12.9942666666667,12.9999898584612,12.9883973551199,"yes","yes","yes","yes","yes"
"3404",9,9,9.0558,9.00001949039656,8.99471314774185,"yes","yes","yes","yes","yes"
"3407",8,8,8.0446,8.00002562458795,7.99357695607331,"yes","yes","yes","yes","yes"
"3417",7,7,6.9113,7.00000372301666,7.00229665466948,"yes","yes","yes","yes","yes"
"3422",11,11.3427065026362,10.9955333333333,10.9999781991213,11.0011431217167,"yes","yes","yes","yes","yes"
"3430",6,5.58415841584158,6.012,6.00006210370354,5.99005471689355,"yes","yes","yes","yes","yes"
"3433",6,5.58415841584158,6.0128,6.00003457344768,5.9997632339609,"yes","yes","yes","yes","yes"
"3434",6,5.58415841584158,6.01443333333333,6.00002814038901,6.00134700645599,"yes","yes","yes","yes","yes"
"3437",6,5.58415841584158,6.00153333333333,6.00002033807983,6.00218845481834,"yes","yes","yes","yes","yes"
"3449",7,7,7.01023333333333,7.00000372301666,6.99193520233572,"yes","yes","yes","yes","yes"
"3451",7,7,7.02583333333333,7.00001795838451,6.99133065294485,"yes","yes","yes","yes","yes"
"3457",12,11.3427065026362,11.9868,11.9999847685421,11.9974819733902,"yes","yes","yes","yes","yes"
"3469",11,11.3427065026362,10.9789,10.9999924344892,11.0148376569979,"yes","yes","yes","yes","yes"
"3472",9,9,8.9203,9.00000549294076,9.02436218670806,"yes","yes","yes","yes","yes"
"3478",6,5.58415841584158,6.00293333333333,6.00002033807983,6.00576018643766,"yes","yes","yes","yes","yes"
"3481",8,8,8.01853333333333,8.00002562458795,8.00707767072721,"yes","yes","yes","yes","yes"
"3484",7,7,7.00373333333333,7.00001795838451,7.01189201217607,"yes","yes","yes","yes","yes"
"3489",8,8,7.9963,8.00002562458795,8.01583422011443,"yes","yes","yes","yes","yes"
"3491",10,10,10.0682,9.99998227123606,9.99316277737939,"yes","yes","yes","yes","yes"
"3492",8,8,8.0098,7.99999436583383,8.0039793093694,"yes","yes","yes","yes","yes"
"3503",10,10,10.0056333333333,9.99998227123606,10.0093061094585,"yes","yes","yes","yes","yes"
"3513",11,11.3427065026362,10.9762666666667,10.9999924344892,11.0138215074695,"yes","yes","yes","yes","yes"
"3517",11,11.3427065026362,10.975,10.9999924344892,11.0229617675203,"yes","yes","yes","yes","yes"
"3518",11,11.3427065026362,10.9285,10.9999924344892,11.0157967353868,"yes","yes","yes","yes","yes"
"3531",7,7,7.0075,7.00003786828765,6.99679259544707,"yes","yes","yes","yes","yes"
"3533",7,7,6.99846666666667,7.00003786828765,6.99919403876714,"yes","yes","yes","yes","yes"
"3539",7,7,6.98683333333333,7.00000372301666,6.98156610911476,"yes","yes","yes","yes","yes"
"3556",8,8,7.95773333333333,7.99999436583383,7.99655038806974,"yes","yes","yes","yes","yes"
"3561",10,10,10.0019,9.99998227123606,10.0032932098248,"yes","yes","yes","yes","yes"
"3564",8,8,7.86153333333333,7.99999436583383,8.03234855649554,"yes","yes","yes","yes","yes"
"3568",10,10,9.9855,10.0000167321247,10.0259662326021,"yes","yes","yes","yes","yes"
"3582",9,9,8.98923333333333,8.99999125757291,9.00793421076427,"yes","yes","yes","yes","yes"
"3586",9,9,8.9896,8.99999125757291,9.00936885377214,"yes","yes","yes","yes","yes"
"3588",10,10,9.9875,9.99998227123606,10.013962308651,"yes","yes","yes","yes","yes"
"3590",11,11.3427065026362,10.9881666666667,10.9999781991213,11.0163689183431,"yes","yes","yes","yes","yes"
"3591",11,11.3427065026362,10.9878333333333,10.9999924344892,11.0165119892025,"yes","yes","yes","yes","yes"
"3598",11,11.3427065026362,10.9777,10.9999781991213,11.0213601791472,"yes","yes","yes","yes","yes"
"3603",5,5.58415841584158,5.01856666666666,5.00010483530832,5.00592273309949,"no","yes","yes","yes","yes"
"3608",8,8,8.0013,7.99999436583383,7.98942056597469,"yes","yes","yes","yes","yes"
"3610",9,9,8.99546666666667,9.00000549294076,8.9885863943845,"yes","yes","yes","yes","yes"
"3611",9,9,9.00016666666667,8.99999125757291,9.00044079915232,"yes","yes","yes","yes","yes"
"3613",10,10,10.0342,9.99998227123606,10.0092742844919,"yes","yes","yes","yes","yes"
"3614",11,11.3427065026362,10.9941,10.9999924344892,11.0019770059142,"yes","yes","yes","yes","yes"
"3620",12,11.3427065026362,11.9974,11.9999847685421,12.0000472563358,"yes","yes","yes","yes","yes"
"3628",10,10,9.97913333333333,9.99998227123606,10.0297726030857,"yes","yes","yes","yes","yes"
"3631",7,7,7.07563333333333,7.00003786828765,6.98885999173318,"yes","yes","yes","yes","yes"
"3635",6,5.58415841584158,6.00493333333333,6.00004271735346,5.99872079740103,"yes","yes","yes","yes","yes"
"3636",6,5.58415841584158,5.98543333333333,6.00002033807983,6.00198545965863,"yes","yes","yes","yes","yes"
"3640",8,8,7.9795,8.00002562458795,8.00266056363999,"yes","yes","yes","yes","yes"
"3648",8,8,8.00666666666667,8.00002562458795,8.01215338350204,"yes","yes","yes","yes","yes"
"3651",8,8,7.95386666666667,8.00000860120168,8.02008326027809,"yes","yes","yes","yes","yes"
"3655",9,9,8.9883,9.00001949039656,9.02083743802217,"yes","yes","yes","yes","yes"
"3658",7,7,7.01176666666667,7.00000372301666,6.99660865910307,"yes","yes","yes","yes","yes"
"3660",9,9,8.9996,8.99999125757291,8.99321855670245,"yes","yes","yes","yes","yes"
"3661",10,10,9.9992,9.99999650660391,9.98313821195665,"yes","yes","yes","yes","yes"
"3667",8,8,7.8557,7.99999436583383,8.03059917015176,"yes","yes","yes","yes","yes"
"3669",10,10,10.0463,9.99999650660391,9.99579626660549,"yes","yes","yes","yes","yes"
"3673",10,10,10.0174,9.99999650660391,9.99215951912361,"yes","yes","yes","yes","yes"
"3680",10,10,10.0161,9.99998227123606,10.0070399934508,"yes","yes","yes","yes","yes"
"3691",13,13,13.0015333333333,12.9999598234376,13.0080404081557,"yes","yes","yes","yes","yes"
"3710",10,10,9.95716666666667,9.99998227123606,10.0304799308216,"yes","yes","yes","yes","yes"
"3715",11,11.3427065026362,10.973,10.9999924344892,11.0206187053888,"yes","yes","yes","yes","yes"
"3719",7,7,6.9957,7.00003786828765,7.00452406796834,"yes","yes","yes","yes","yes"
"3722",9,9,8.98726666666667,8.99999125757291,8.98301981821039,"yes","yes","yes","yes","yes"
"3742",12,11.3427065026362,12.0475333333333,11.9999847685421,12.0101515246905,"yes","yes","yes","yes","yes"
"3746",5,5.58415841584158,5.0065,5.00016910390005,4.99292385281908,"no","yes","yes","no","yes"
"3751",8,8,8.02783333333333,8.00002562458795,8.00890129833697,"yes","yes","yes","yes","yes"
"3756",8,8,7.99683333333333,8.00002562458795,8.01450964736826,"yes","yes","yes","yes","yes"
"3759",9,9,8.99843333333333,9.00001949039656,9.01774708478511,"yes","yes","yes","yes","yes"
"3764",11,11.3427065026362,10.9955666666667,11.000010473458,11.0147643168811,"yes","yes","yes","yes","yes"
"3767",10,10,10.0188,9.99999650660391,9.99090752028096,"yes","yes","yes","yes","yes"
"3777",13,13,13.0629666666667,12.9999740588055,12.9879375752739,"yes","yes","yes","yes","yes"
"3782",10,10,10.0003333333333,9.99998227123606,9.99853315873633,"yes","yes","yes","yes","yes"
"3787",10,10,9.9982,9.99998227123606,10.011878792569,"yes","yes","yes","yes","yes"
"3789",8,8,8.00873333333333,8.00000860120168,8.00634993911517,"yes","yes","yes","yes","yes"
"3798",13,13,12.5040666666667,12.9999598234376,13.0260094143049,"yes","yes","yes","yes","yes"
"3804",7,7,7.0798,7.00003786828765,6.98967434593866,"yes","yes","yes","yes","yes"
"3811",8,8,8,8.00002562458795,8.01733145710276,"yes","yes","yes","yes","yes"
"3815",6,5.58415841584158,5.98033333333333,6.00002033807983,6.00703001139353,"yes","yes","yes","yes","yes"
"3816",8,8,7.99323333333333,8.00002562458795,8.0055194202819,"yes","yes","yes","yes","yes"
"3819",9,9,9.0036,8.99999125757291,8.99676003811834,"yes","yes","yes","yes","yes"
"3823",9,9,9.0028,9.00000549294076,9.00647914935523,"yes","yes","yes","yes","yes"
"3830",12,11.3427065026362,12.0225,11.9999847685421,12.0136050573634,"yes","yes","yes","yes","yes"
"3834",11,11.3427065026362,11.0216,10.9999781991213,10.9914792572757,"yes","yes","yes","yes","yes"
"3840",8,8,7.99503333333333,7.99999436583383,7.99481480814664,"yes","yes","yes","yes","yes"
"3842",11,11.3427065026362,11.0368666666667,10.9999781991213,10.984974916181,"yes","yes","yes","yes","yes"
"3843",9,9,8.9942,9.00000549294076,9.00012613929257,"yes","yes","yes","yes","yes"
"3846",11,11.3427065026362,11.0026333333333,10.9999962380901,10.973826311473,"yes","yes","yes","yes","yes"
"3847",6,5.58415841584158,6.0022,6.00002814038901,6.0006765441704,"yes","yes","yes","yes","yes"
"3848",9,9,8.90083333333333,8.99999125757291,8.98201252284621,"yes","yes","yes","yes","yes"
"3853",12,11.3427065026362,12.0093,11.9999705331743,11.9906157033226,"yes","yes","yes","yes","yes"
"3860",9,9,8.99323333333333,9.00000549294076,9.0000632102014,"yes","yes","yes","yes","yes"
"3865",5,5.58415841584158,5.0104,4.9998999108554,4.99553342519199,"no","yes","yes","no","yes"
"3872",12,11.3427065026362,12.2003666666667,11.9999795646073,11.9665329381298,"yes","yes","yes","yes","yes"
"3874",5,5.58415841584158,5.01166666666667,5.00010483530832,4.99768889273141,"no","yes","yes","no","yes"
"3875",12,11.3427065026362,12.0024666666667,11.9999847685421,11.9825730498674,"yes","yes","yes","yes","yes"
"3880",15,14.456043956044,14.6778666666667,14.9998938088694,14.9906057190889,"yes","yes","yes","yes","yes"
"3881",7,7,7.00386666666667,7.00003786828765,7.00202106351829,"yes","yes","yes","yes","yes"
"3882",10,10,10.0094333333333,9.99999650660391,9.99555430078875,"yes","yes","yes","yes","yes"
"3884",10,10,10.0068666666667,9.99998227123606,9.98922187366593,"yes","yes","yes","yes","yes"
"3890",12,11.3427065026362,12.0505333333333,11.9999705331743,12.011942537433,"yes","yes","yes","yes","yes"
"3892",12,11.3427065026362,12.0303,11.9999847685421,11.9953176319901,"yes","yes","yes","yes","yes"
"3895",12,11.3427065026362,11.9916666666667,11.9999953642631,11.9819995551308,"yes","yes","yes","yes","yes"
"3906",6,5.58415841584158,6.15053333333333,6.00002033807983,5.97365055651175,"yes","yes","yes","yes","yes"
"3909",9,9,9.0004,9.00001949039656,9.01007719861222,"yes","yes","yes","yes","yes"
"3911",13,13,13.1926333333333,12.9999898584612,12.9733167129092,"yes","yes","yes","yes","yes"
"3944",14,14.456043956044,13.9949666666667,13.9999790391771,13.9974755520756,"yes","yes","yes","yes","yes"
"3950",13,13,12.9535,12.9999740588055,12.9816097038223,"yes","yes","yes","yes","yes"
"3955",7,7,7.04696666666667,7.00000372301666,6.98647771733483,"yes","yes","yes","yes","yes"
"3956",9,9,8.9705,9.00001949039656,9.0129759419054,"yes","yes","yes","yes","yes"
"3959",9,9,8.9981,9.00000549294076,9.01201894208354,"yes","yes","yes","yes","yes"
"3960",11,11.3427065026362,10.9763333333333,10.9999924344892,11.0222849479272,"yes","yes","yes","yes","yes"
"3965",5,5.58415841584158,5.02116666666667,5.00019108899931,4.99046216096695,"no","yes","yes","no","yes"
"3970",6,5.58415841584158,5.99443333333333,6.00002033807983,6.00333064511417,"yes","yes","yes","yes","yes"
"3978",7,7,7.0047,7.00001152532585,7.01372343579074,"yes","yes","yes","yes","yes"
"3982",8,8,8.012,7.99999436583383,8.0043541427892,"yes","yes","yes","yes","yes"
"3988",11,11.3427065026362,10.9285,10.9999924344892,11.0202325524363,"yes","yes","yes","yes","yes"
"3992",9,9,8.97123333333333,8.99999125757291,9.02023161329601,"yes","yes","yes","yes","yes"
"4010",8,8,7.98383333333333,7.99999436583383,8.01006343600152,"yes","yes","yes","yes","yes"
"4011",9,9,8.9873,8.99999125757291,9.00521962388315,"yes","yes","yes","yes","yes"
"4012",9,9,9.01496666666667,8.99999125757291,9.01025505406862,"yes","yes","yes","yes","yes"
"4016",10,10,10.0038,9.99998227123606,10.0027816787376,"yes","yes","yes","yes","yes"
"4019",8,8,7.98433333333333,7.99999436583383,8.01344295339653,"yes","yes","yes","yes","yes"
"4020",10,10,9.98053333333333,9.99998227123606,10.0147230345284,"yes","yes","yes","yes","yes"
"4022",10,10,9.99386666666667,9.99999650660391,10.0237229352516,"yes","yes","yes","yes","yes"
"4035",7,7,7.06203333333333,7.00000372301666,6.99381452805115,"yes","yes","yes","yes","yes"
"4038",10,10,9.9992,10.0000167321247,10.0191721791614,"yes","yes","yes","yes","yes"
"4039",11,11.3427065026362,10.9621333333333,11.000010473458,11.0154506251621,"yes","yes","yes","yes","yes"
"4040",11,11.3427065026362,11.0052666666667,11.000010473458,11.0212472037064,"yes","yes","yes","yes","yes"
"4041",12,11.3427065026362,11.9713333333333,11.9999847685421,11.9863306769541,"yes","yes","yes","yes","yes"
"4043",10,10,10.0542333333333,9.99999650660391,9.99474852260186,"yes","yes","yes","yes","yes"
"4048",11,11.3427065026362,10.9475333333333,10.9999781991213,11.0005395482375,"yes","yes","yes","yes","yes"
"4051",9,9,9.00493333333333,8.99999125757291,9.01569322606972,"yes","yes","yes","yes","yes"
"4053",13,13,12.877,12.9999598234376,13.0027572386748,"yes","yes","yes","yes","yes"
"4054",10,10,10.0092,9.99999650660391,10.0060953010175,"yes","yes","yes","yes","yes"
"4057",11,11.3427065026362,10.9924666666667,10.9999781991213,11.0143029524465,"yes","yes","yes","yes","yes"
"4067",7,7,6.9992,7.00003786828765,7.00177416839512,"yes","yes","yes","yes","yes"
"4075",8,8,8.02146666666667,8.00001203012496,8.0193487235882,"yes","yes","yes","yes","yes"
"4077",8,8,7.9595,8.00000216814301,8.02688725231669,"yes","yes","yes","yes","yes"
"4084",10,10,10.0344,9.99998227123606,10.0007406861073,"yes","yes","yes","yes","yes"
"4089",9,9,8.99603333333333,8.99999125757291,9.00321567673138,"yes","yes","yes","yes","yes"
"4116",10,10,10.0032,9.99999650660391,9.99848481509902,"yes","yes","yes","yes","yes"
"4125",8,8,7.99843333333333,8.00002562458795,8.01493046935807,"yes","yes","yes","yes","yes"
"4127",11,11.3427065026362,10.9959333333333,10.9999781991213,10.9910122985479,"yes","yes","yes","yes","yes"
"4130",10,10,9.9987,10.0000167321247,10.0208515052817,"yes","yes","yes","yes","yes"
"4134",11,11.3427065026362,11.0101666666667,10.9999781991213,10.9985718407469,"yes","yes","yes","yes","yes"
"4138",11,11.3427065026362,11.0153666666667,10.9999781991213,11.0051642258453,"yes","yes","yes","yes","yes"
"4140",10,10,10.0013333333333,9.99999650660391,10.0076214891143,"yes","yes","yes","yes","yes"
"4156",6,5.58415841584158,5.97326666666667,6.00002033807983,6.01160739831447,"yes","yes","yes","yes","yes"
"4160",9,9,9.00786666666667,9.00000549294076,8.99191979495066,"yes","yes","yes","yes","yes"
"4163",8,8,8.0152,7.99999436583383,7.97087952291443,"yes","yes","yes","yes","yes"
"4165",7,7,6.97806666666667,7.00003786828765,7.00170931334769,"yes","yes","yes","yes","yes"
"4171",10,10,9.99106666666667,9.99998227123606,9.99359175527435,"yes","yes","yes","yes","yes"
