,Actual_Value,Decision Tree,Random Forest,Linear Regression,XGBoost,Actual_Class,DecisionTree_Prediction,RandomForest_Prediction,LinearRegression_Prediction,XGBoost_Prediction
17,10.0,10.000000001924342,10.000000002017774,10.000000000000005,9.999998,Yes,Yes,Yes,Yes,Yes
1131,8.0,8.0,8.0,8.000000000000002,8.000028,Yes,Yes,Yes,Yes,Yes
299,9.0,9.0,9.0,9.000000000000004,8.999991,Yes,Yes,Yes,Yes,Yes
1338,10.0,10.000000001924342,10.000000002017774,10.000000000000005,9.999976,Yes,Yes,Yes,Yes,Yes
2383,8.630670235340983,8.5186753346175,8.66996910193938,8.630670235340984,8.513583,Yes,Yes,Yes,Yes,Yes
2039,6.0,6.0,6.0,5.999999999999996,6.000024,Yes,Yes,Yes,Yes,Yes
3127,9.0,9.0,9.0,9.000000000000004,9.00001,Yes,Yes,Yes,Yes,Yes
791,10.0,10.000000001924342,10.000000002017774,10.000000000000005,9.999998,Yes,Yes,Yes,Yes,Yes
3599,12.0,12.00008345224053,12.000064208187778,12.000000000000007,12.000515,Yes,Yes,Yes,Yes,Yes
1566,9.0,9.0,9.0,9.000000000000002,8.9999695,Yes,Yes,Yes,Yes,Yes
3281,11.0,10.999953967825064,11.000005365581542,11.000000000000005,10.999887,Yes,Yes,Yes,Yes,Yes
3009,4.0,4.000000010637708,4.00000001051315,3.9999999999999902,4.0001574,No,No,No,No,No
1004,9.0,9.0,9.0,9.000000000000004,8.999987,Yes,Yes,Yes,Yes,Yes
4053,10.0,10.000000001924342,10.000000002017774,10.000000000000005,10.000048,Yes,Yes,Yes,Yes,Yes
1070,6.0,6.0,6.0,5.999999999999995,6.000024,Yes,Yes,Yes,Yes,Yes
1167,8.0,8.0,8.0,8.000000000000002,8.000024,Yes,Yes,Yes,Yes,Yes
3167,15.0,14.99999999152457,14.999999991452597,15.000000000000016,15.000018,Yes,Yes,Yes,Yes,Yes
2618,13.0,13.000480320254908,13.0,13.000000000000012,12.999982,Yes,Yes,Yes,Yes,Yes
2966,10.0,10.000000001924342,10.000000002017774,10.000000000000005,9.999985,Yes,Yes,Yes,Yes,Yes
2939,10.0,10.000000001924342,10.000000002017774,10.000000000000005,10.000002,Yes,Yes,Yes,Yes,Yes
610,12.0,12.00008345224053,11.999999999565041,12.000000000000007,12.000588,Yes,Yes,Yes,Yes,Yes
1708,14.0,14.0,14.0,14.000000000000014,14.000045,Yes,Yes,Yes,Yes,Yes
913,6.0,6.0,6.0,5.999999999999996,6.000024,Yes,Yes,Yes,Yes,Yes
280,15.0,14.99999999152457,14.999999991452597,15.000000000000014,15.000863,Yes,Yes,Yes,Yes,Yes
3450,7.0,7.0,7.0,6.999999999999997,7.000049,Yes,Yes,Yes,Yes,Yes
2698,9.0,9.0,9.0,9.000000000000004,8.99998,Yes,Yes,Yes,Yes,Yes
2088,12.0,12.00008345224053,12.000480485692183,12.000000000000009,11.997261,Yes,Yes,Yes,Yes,Yes
3312,10.829530328966285,10.859255266323077,10.829033916056789,10.82953032896629,10.844534,Yes,Yes,Yes,Yes,Yes
1962,10.0,10.000000001924342,10.000000002017774,10.000000000000004,9.999931,Yes,Yes,Yes,Yes,Yes
880,11.0,10.999953967825064,11.000005365581542,11.000000000000007,11.000008,Yes,Yes,Yes,Yes,Yes
1621,10.0,10.000000001924342,10.000000002017774,10.000000000000005,9.999968,Yes,Yes,Yes,Yes,Yes
1684,9.0,9.0,9.0,9.000000000000002,9.000015,Yes,Yes,Yes,Yes,Yes
3670,8.0,8.0,8.0,8.0,8.000019,Yes,Yes,Yes,Yes,Yes
1596,7.0,7.0,7.0,6.999999999999997,7.0000277,Yes,Yes,Yes,Yes,Yes
3208,9.0,9.0,9.0,9.0,8.999989,Yes,Yes,Yes,Yes,Yes
2240,12.0,12.00008345224053,11.999999999565041,12.000000000000009,12.000013,Yes,Yes,Yes,Yes,Yes
368,12.0,12.00008345224053,11.999999999565041,12.000000000000007,11.999939,Yes,Yes,Yes,Yes,Yes
763,14.0,14.0,14.0,14.000000000000014,13.9992695,Yes,Yes,Yes,Yes,Yes
3854,11.0,10.999953967825064,11.000005365581542,11.000000000000004,10.99954,Yes,Yes,Yes,Yes,Yes
1696,11.0,10.999953967825064,11.000005365581542,11.000000000000007,11.000027,Yes,Yes,Yes,Yes,Yes
3768,9.0,9.0,9.0,9.000000000000004,8.9999695,Yes,Yes,Yes,Yes,Yes
2811,9.0,9.0,9.000945453883189,9.000000000000004,9.000416,Yes,Yes,Yes,Yes,Yes
1758,11.0,10.999953967825064,11.000005365581542,11.000000000000005,11.000093,Yes,Yes,Yes,Yes,Yes
1953,9.0,9.0,9.0,9.000000000000002,9.000035,Yes,Yes,Yes,Yes,Yes
3485,7.0,7.0,7.0,6.999999999999998,6.9997234,Yes,Yes,Yes,Yes,Yes
40,9.0,9.0,9.0,9.000000000000002,8.999975,Yes,Yes,Yes,Yes,Yes
3067,11.0,10.999953967825064,11.000005365581542,11.000000000000009,11.00001,Yes,Yes,Yes,Yes,Yes
1135,8.0,8.0,8.0,8.0,8.000005,Yes,Yes,Yes,Yes,Yes
2703,11.0,10.999953967825064,11.000005365581542,11.000000000000007,11.000102,Yes,Yes,Yes,Yes,Yes
4045,9.0,9.0,9.0,9.000000000000002,8.999981,Yes,Yes,Yes,Yes,Yes
2917,10.0,10.000000001924342,10.000000002017774,10.000000000000005,10.000002,Yes,Yes,Yes,Yes,Yes
2887,9.0,9.0,9.0,9.000000000000002,8.999991,Yes,Yes,Yes,Yes,Yes
230,13.0,13.000480320254908,13.0,13.000000000000012,13.000209,Yes,Yes,Yes,Yes,Yes
2457,5.0,5.0,5.0,4.999999999999992,5.00005,No,No,No,No,Yes
3245,13.0,13.000480320254908,13.0,13.000000000000012,12.999791,Yes,Yes,Yes,Yes,Yes
2303,11.0,10.999953967825064,11.000005365581542,11.000000000000007,10.999888,Yes,Yes,Yes,Yes,Yes
3567,10.0,10.000000001924342,10.000000002017774,10.000000000000005,10.000055,Yes,Yes,Yes,Yes,Yes
3814,6.0,6.0,6.0,5.999999999999993,6.0000653,Yes,Yes,Yes,Yes,Yes
3954,7.0,7.0,7.0,6.999999999999998,7.0000005,Yes,Yes,Yes,Yes,Yes
123,6.0,6.0,6.0,5.999999999999996,6.0000243,Yes,Yes,Yes,Yes,Yes
200,9.0,9.0,9.0,9.000000000000002,8.999975,Yes,Yes,Yes,Yes,Yes
1297,9.0,9.0,9.0,9.000000000000004,9.000057,Yes,Yes,Yes,Yes,Yes
359,10.830017971126253,10.859255266323077,10.826539242028987,10.83001797112626,10.846267,Yes,Yes,Yes,Yes,Yes
1387,10.0,10.000000001924342,10.000000002017774,10.000000000000005,10.000017,Yes,Yes,Yes,Yes,Yes
3370,12.0,12.00008345224053,11.999999999565041,12.000000000000009,12.000013,Yes,Yes,Yes,Yes,Yes
3723,9.0,9.0,9.0,9.000000000000002,8.9999695,Yes,Yes,Yes,Yes,Yes
4051,10.0,10.000000001924342,10.000000002017774,10.000000000000004,10.0,Yes,Yes,Yes,Yes,Yes
4133,11.0,10.999953967825064,11.000005365581542,11.000000000000007,10.99977,Yes,Yes,Yes,Yes,Yes
453,11.0,10.999953967825064,11.000005365581542,11.000000000000005,11.000317,Yes,Yes,Yes,Yes,Yes
2576,7.0,7.0,7.0,6.999999999999998,7.0,Yes,Yes,Yes,Yes,Yes
4036,8.0,8.0,8.0,8.0,8.000058,Yes,Yes,Yes,Yes,Yes
3986,10.0,10.000000001924342,10.000000002017774,10.000000000000005,9.99999,Yes,Yes,Yes,Yes,Yes
1065,6.0,6.0,6.0,5.9999999999999964,6.0000186,Yes,Yes,Yes,Yes,Yes
1475,8.0,8.0,8.0,8.000000000000002,8.000021,Yes,Yes,Yes,Yes,Yes
2656,7.0,7.0,7.0,7.0,6.9996395,Yes,Yes,Yes,Yes,Yes
1073,7.0,7.0,7.0,6.999999999999997,7.0,Yes,Yes,Yes,Yes,Yes
3470,11.0,10.999953967825064,11.000005365581542,11.000000000000005,11.000342,Yes,Yes,Yes,Yes,Yes
1916,11.0,10.999953967825064,11.000005365581542,11.000000000000007,11.000134,Yes,Yes,Yes,Yes,Yes
2661,9.0,9.0,9.0,9.000000000000002,8.999954,Yes,Yes,Yes,Yes,Yes
1685,10.0,10.000000001924342,10.000000002017774,10.000000000000005,9.999963,Yes,Yes,Yes,Yes,Yes
3113,7.0,7.0,7.0,6.999999999999997,7.0,Yes,Yes,Yes,Yes,Yes
560,8.0,8.0,8.0,8.0,7.9999857,Yes,Yes,Yes,Yes,Yes
210,10.0,10.000000001924342,10.000000002017774,10.000000000000004,10.000036,Yes,Yes,Yes,Yes,Yes
98,7.0,7.0,7.0,6.9999999999999964,7.0000005,Yes,Yes,Yes,Yes,Yes
3352,15.0,14.99999999152457,14.999999991452597,15.000000000000018,15.001284,Yes,Yes,Yes,Yes,Yes
1457,7.0,7.0,7.0,6.999999999999998,7.0000057,Yes,Yes,Yes,Yes,Yes
3240,15.0,14.99999999152457,14.999999991452597,15.000000000000016,15.000142,Yes,Yes,Yes,Yes,Yes
544,10.0,10.000000001924342,10.000000002017774,10.000000000000005,10.000033,Yes,Yes,Yes,Yes,Yes
2621,12.0,12.00008345224053,11.999999999565041,12.000000000000009,11.999224,Yes,Yes,Yes,Yes,Yes
3291,9.0,9.0,9.0,9.000000000000002,8.999948,Yes,Yes,Yes,Yes,Yes
787,12.0,12.00008345224053,11.999999999565041,12.000000000000009,11.999855,Yes,Yes,Yes,Yes,Yes
3276,12.0,12.00008345224053,11.999999999565041,12.000000000000007,12.000026,Yes,Yes,Yes,Yes,Yes
3978,8.0,8.0,8.0,8.000000000000002,7.9999804,Yes,Yes,Yes,Yes,Yes
3624,9.0,9.0,9.0,9.000000000000002,8.999996,Yes,Yes,Yes,Yes,Yes
906,6.0,6.0,6.0,5.999999999999996,6.000024,Yes,Yes,Yes,Yes,Yes
2688,8.0,8.0,8.0,8.000000000000002,7.9996524,Yes,Yes,Yes,Yes,Yes
1330,9.0,9.0,9.0,9.000000000000004,9.000062,Yes,Yes,Yes,Yes,Yes
1964,10.0,10.000000001924342,10.000000002017774,10.000000000000002,9.99959,Yes,Yes,Yes,Yes,Yes
3966,6.0,6.0,6.0,5.999999999999996,6.000024,Yes,Yes,Yes,Yes,Yes
3865,12.184755503535289,12.195323176345362,12.18631137406821,12.184755503535296,12.185571,Yes,Yes,Yes,Yes,Yes
945,8.0,8.0,8.0,8.000000000000002,7.999994,Yes,Yes,Yes,Yes,Yes
1377,12.0,12.00008345224053,11.999999999565041,12.000000000000009,11.999852,Yes,Yes,Yes,Yes,Yes
443,10.0,10.000000001924342,10.000000002017774,10.000000000000005,10.000003,Yes,Yes,Yes,Yes,Yes
2517,7.0,7.0,7.0,6.999999999999997,7.000131,Yes,Yes,Yes,Yes,Yes
3943,14.0,14.0,14.0,14.00000000000001,14.000489,Yes,Yes,Yes,Yes,Yes
2575,7.0,7.0,7.0,6.999999999999998,7.000014,Yes,Yes,Yes,Yes,Yes
778,15.0,14.99999999152457,14.999999991452597,15.000000000000016,15.000389,Yes,Yes,Yes,Yes,Yes
2104,11.0,10.999953967825064,11.000005365581542,11.000000000000007,10.999968,Yes,Yes,Yes,Yes,Yes
2474,14.0,14.0,14.0,14.000000000000014,14.000393,Yes,Yes,Yes,Yes,Yes
1495,8.0,8.0,8.0,8.0,7.99998,Yes,Yes,Yes,Yes,Yes
3836,9.0,9.0,9.0,9.000000000000004,8.999981,Yes,Yes,Yes,Yes,Yes
1179,11.0,10.999953967825064,11.000005365581542,11.000000000000009,11.0000105,Yes,Yes,Yes,Yes,Yes
1873,9.0,9.0,9.0,9.000000000000004,8.999995,Yes,Yes,Yes,Yes,Yes
1554,8.0,8.0,8.0,8.000000000000002,7.99998,Yes,Yes,Yes,Yes,Yes
695,7.0,7.0,7.0,6.999999999999998,7.0,Yes,Yes,Yes,Yes,Yes
2916,10.0,10.000000001924342,10.000000002017774,10.000000000000007,10.000356,Yes,Yes,Yes,Yes,Yes
2743,7.0,7.0,7.0,6.999999999999997,7.0,Yes,Yes,Yes,Yes,Yes
3108,7.0,7.0,7.0,6.999999999999997,7.0,Yes,Yes,Yes,Yes,Yes
2995,9.0,9.0,9.0,9.000000000000004,9.000023,Yes,Yes,Yes,Yes,Yes
1703,10.0,10.000000001924342,10.000000002017774,10.000000000000005,10.000004,Yes,Yes,Yes,Yes,Yes
1802,11.0,10.999953967825064,11.000005365581542,11.000000000000007,11.00005,Yes,Yes,Yes,Yes,Yes
3378,8.0,8.0,8.0,7.999999999999998,7.9999804,Yes,Yes,Yes,Yes,Yes
3357,8.0,8.0,8.0,8.0,7.99998,Yes,Yes,Yes,Yes,Yes
2497,12.0,12.00008345224053,11.999999999565041,12.000000000000009,12.001565,Yes,Yes,Yes,Yes,Yes
3307,9.0,9.0,9.0,9.000000000000002,8.999975,Yes,Yes,Yes,Yes,Yes
3486,8.0,8.0,8.0,7.999999999999998,8.000896,Yes,Yes,Yes,Yes,Yes
3949,13.0,13.000480320254908,13.0,13.00000000000001,12.999919,Yes,Yes,Yes,Yes,Yes
2673,9.0,9.0,9.0,9.000000000000002,9.000016,Yes,Yes,Yes,Yes,Yes
941,7.0,7.0,7.0,6.999999999999998,7.0,Yes,Yes,Yes,Yes,Yes
2948,8.0,8.0,8.0,8.0,8.00001,Yes,Yes,Yes,Yes,Yes
955,8.0,8.0,8.0,8.0,7.99999,Yes,Yes,Yes,Yes,Yes
2293,6.0,6.0,6.0,5.999999999999996,6.000024,Yes,Yes,Yes,Yes,Yes
1099,7.0,7.0,7.0,6.999999999999997,7.0,Yes,Yes,Yes,Yes,Yes
2015,8.0,8.0,8.0,8.000000000000002,7.99998,Yes,Yes,Yes,Yes,Yes
4085,11.0,10.999953967825064,11.000005365581542,11.000000000000007,11.000005,Yes,Yes,Yes,Yes,Yes
2124,7.0,7.0,7.0,6.999999999999998,7.0000005,Yes,Yes,Yes,Yes,Yes
3674,12.0,12.00008345224053,11.999999999565041,12.000000000000009,12.000102,Yes,Yes,Yes,Yes,Yes
757,15.0,14.99999999152457,14.999999991452597,15.000000000000014,15.000516,Yes,Yes,Yes,Yes,Yes
3847,9.0,9.0,9.0,9.000000000000002,8.999972,Yes,Yes,Yes,Yes,Yes
1391,9.0,9.0,9.0,9.000000000000004,8.999997,Yes,Yes,Yes,Yes,Yes
608,10.0,10.000000001924342,10.000000002017774,10.000000000000005,9.999956,Yes,Yes,Yes,Yes,Yes
3569,11.0,10.999953967825064,11.000005365581542,11.000000000000007,10.999916,Yes,Yes,Yes,Yes,Yes
3092,11.0,10.999953967825064,11.000005365581542,11.000000000000007,10.999916,Yes,Yes,Yes,Yes,Yes
1680,13.0,13.000480320254908,13.0,13.00000000000001,12.999692,Yes,Yes,Yes,Yes,Yes
1563,10.0,10.000000001924342,10.000000002017774,10.000000000000004,9.999984,Yes,Yes,Yes,Yes,Yes
2073,7.0,7.0,7.0,6.999999999999998,6.999969,Yes,Yes,Yes,Yes,Yes
1707,12.0,12.00008345224053,11.999999999565041,12.000000000000009,11.999794,Yes,Yes,Yes,Yes,Yes
1422,12.0,12.00008345224053,12.00048048569213,12.00000000000001,12.000671,Yes,Yes,Yes,Yes,Yes
1808,10.0,10.000000001924342,10.000000002017774,10.000000000000007,10.000019,Yes,Yes,Yes,Yes,Yes
1125,10.0,10.000000001924342,10.000000002017774,10.000000000000005,9.999985,Yes,Yes,Yes,Yes,Yes
4110,9.0,9.0,9.0,9.000000000000002,9.001249,Yes,Yes,Yes,Yes,Yes
2403,10.0,10.000000001924342,10.000000002017774,10.000000000000004,9.999956,Yes,Yes,Yes,Yes,Yes
1607,8.0,8.0,8.0,8.0,8.000067,Yes,Yes,Yes,Yes,Yes
1488,9.0,9.0,9.0,9.000000000000002,9.000016,Yes,Yes,Yes,Yes,Yes
2515,8.0,8.0,8.0,8.000000000000002,7.999999,Yes,Yes,Yes,Yes,Yes
62,10.0,10.000000001924342,10.000000002017774,10.000000000000005,9.999384,Yes,Yes,Yes,Yes,Yes
4174,9.0,9.0,9.0,9.000000000000002,9.000275,Yes,Yes,Yes,Yes,Yes
1006,11.0,10.999953967825064,11.000005365581542,11.000000000000009,10.999968,Yes,Yes,Yes,Yes,Yes
2918,9.0,9.0,9.0,9.000000000000004,8.999979,Yes,Yes,Yes,Yes,Yes
3235,14.0,14.0,14.0,14.000000000000012,14.000533,Yes,Yes,Yes,Yes,Yes
3163,9.0,9.0,9.0,9.000000000000002,8.999953,Yes,Yes,Yes,Yes,Yes
2699,11.0,10.999953967825064,11.000005365581542,11.000000000000007,11.000109,Yes,Yes,Yes,Yes,Yes
1038,10.0,10.000000001924342,10.000000002017774,10.000000000000004,10.001389,Yes,Yes,Yes,Yes,Yes
136,7.0,7.0,7.0,6.999999999999998,7.000023,Yes,Yes,Yes,Yes,Yes
1850,8.0,8.0,8.0,8.000000000000002,7.99998,Yes,Yes,Yes,Yes,Yes
219,8.0,8.0,8.0,8.0,7.9999857,Yes,Yes,Yes,Yes,Yes
2960,10.0,10.000000001924342,10.000000002017774,10.000000000000007,10.000018,Yes,Yes,Yes,Yes,Yes
1896,9.0,9.0,9.0,9.000000000000002,9.000041,Yes,Yes,Yes,Yes,Yes
2751,9.0,9.0,9.0,9.000000000000004,8.999985,Yes,Yes,Yes,Yes,Yes
2155,12.360386428514577,12.353056301005758,12.371555951536626,12.360386428514586,12.297404,Yes,Yes,Yes,Yes,Yes
1999,6.0,6.0,6.0,5.999999999999996,6.000024,Yes,Yes,Yes,Yes,Yes
3296,14.0,14.0,14.0,14.000000000000012,14.000029,Yes,Yes,Yes,Yes,Yes
94,15.0,14.99999999152457,14.999999991452597,15.000000000000016,15.0004425,Yes,Yes,Yes,Yes,Yes
3025,7.0,7.0,7.0,6.999999999999999,7.0,Yes,Yes,Yes,Yes,Yes
1586,10.0,10.000000001924342,10.000000002017774,10.000000000000005,9.999984,Yes,Yes,Yes,Yes,Yes
748,14.0,14.0,14.0,14.000000000000012,13.999945,Yes,Yes,Yes,Yes,Yes
3843,10.184003413764673,10.211232688705111,10.208311529668558,10.184003413764678,10.186278,Yes,Yes,Yes,Yes,Yes
494,10.276641645495626,10.266339943968298,10.268930828753751,10.276641645495632,10.276577,Yes,Yes,Yes,Yes,Yes
1225,5.0,5.0,5.0,4.999999999999993,5.00005,No,No,No,No,Yes
929,6.0,6.0,6.0,5.999999999999995,6.000024,Yes,Yes,Yes,Yes,Yes
1675,7.0,7.0,7.0,6.999999999999997,7.000029,Yes,Yes,Yes,Yes,Yes
3045,10.0,10.000000001924342,10.000000002017774,10.000000000000005,9.999875,Yes,Yes,Yes,Yes,Yes
555,10.0,10.000000001924342,10.000000002017774,10.000000000000005,9.999793,Yes,Yes,Yes,Yes,Yes
393,9.0,9.0,9.0,9.000000000000002,8.999989,Yes,Yes,Yes,Yes,Yes
1,7.0,7.0,7.0,6.999999999999997,7.0000005,Yes,Yes,Yes,Yes,Yes
1642,13.0,13.000480320254908,13.0,13.00000000000001,12.999992,Yes,Yes,Yes,Yes,Yes
3930,12.539325581400638,12.529961606825575,12.53279303797547,12.539325581400648,12.5344925,Yes,Yes,Yes,Yes,Yes
2728,8.0,8.0,8.0,8.000000000000002,8.000175,Yes,Yes,Yes,Yes,Yes
2249,12.0,12.00008345224053,11.999999999565041,12.000000000000009,12.000012,Yes,Yes,Yes,Yes,Yes
3712,10.0,10.000000001924342,10.000000002017774,10.000000000000005,9.999964,Yes,Yes,Yes,Yes,Yes
709,7.0,7.0,7.0,6.999999999999997,7.0,Yes,Yes,Yes,Yes,Yes
2888,8.0,8.0,8.0,8.0,8.000017,Yes,Yes,Yes,Yes,Yes
902,5.0,5.0,5.0,4.999999999999994,5.00005,No,No,No,No,Yes
2625,10.0,10.000000001924342,10.000318172075003,10.000000000000005,9.998775,Yes,Yes,Yes,Yes,Yes
2053,7.0,7.0,7.0,6.999999999999999,7.0000005,Yes,Yes,Yes,Yes,Yes
1723,12.0,12.00008345224053,11.999999999565041,12.000000000000007,11.999753,Yes,Yes,Yes,Yes,Yes
3534,6.0,6.0,6.0,5.999999999999996,6.000024,Yes,Yes,Yes,Yes,Yes
2115,3.999999924385702,4.000000010637708,4.00000001051315,3.9999999243856927,4.000194,No,No,No,No,No
331,8.0,8.0,8.0,7.999999999999998,7.9999857,Yes,Yes,Yes,Yes,Yes
1950,10.0,10.000000001924342,10.000000002017774,10.000000000000004,10.000062,Yes,Yes,Yes,Yes,Yes
306,4.481781377005851,4.784171980106552,4.627839998084213,4.481781377005843,4.506283,No,No,No,No,No
1299,9.0,9.0,9.0,9.000000000000004,8.999983,Yes,Yes,Yes,Yes,Yes
749,15.0,14.99999999152457,14.999999991452597,15.000000000000018,14.9999,Yes,Yes,Yes,Yes,Yes
845,9.0,9.0,9.0,9.000000000000004,9.000116,Yes,Yes,Yes,Yes,Yes
2633,6.0,6.0,6.0,5.999999999999995,6.000024,Yes,Yes,Yes,Yes,Yes
645,11.0,10.999953967825064,11.000005365581542,11.000000000000007,10.999937,Yes,Yes,Yes,Yes,Yes
3027,8.0,8.0,8.0,8.0,8.0000105,Yes,Yes,Yes,Yes,Yes
2560,7.0,7.0,7.0,6.999999999999997,7.0,Yes,Yes,Yes,Yes,Yes
1863,9.0,9.0,9.0,9.000000000000004,8.999979,Yes,Yes,Yes,Yes,Yes
1546,7.0,7.0,7.0,6.999999999999997,7.0,Yes,Yes,Yes,Yes,Yes
857,12.0,12.00008345224053,11.999999999565041,12.000000000000009,11.999878,Yes,Yes,Yes,Yes,Yes
1453,6.0,6.0,6.0,5.9999999999999964,6.000024,Yes,Yes,Yes,Yes,Yes
1380,9.0,9.0,9.0,9.000000000000002,9.000008,Yes,Yes,Yes,Yes,Yes
1447,8.0,8.0,8.0,8.0,7.9999804,Yes,Yes,Yes,Yes,Yes
1772,8.0,8.0,8.0,8.0,7.99998,Yes,Yes,Yes,Yes,Yes
662,10.0,10.000000001924342,10.000000002017774,10.000000000000002,10.000007,Yes,Yes,Yes,Yes,Yes
2614,9.0,9.0,9.0,9.000000000000004,9.000006,Yes,Yes,Yes,Yes,Yes
1906,11.0,10.999953967825064,11.000005365581542,11.000000000000005,10.999963,Yes,Yes,Yes,Yes,Yes
881,9.0,9.0,9.0,9.000000000000002,8.999942,Yes,Yes,Yes,Yes,Yes
111,9.0,9.0,9.0,9.000000000000002,8.999972,Yes,Yes,Yes,Yes,Yes
2416,9.374357916757088,9.33745254299174,9.381830589205508,9.374357916757091,9.373633,Yes,Yes,Yes,Yes,Yes
1587,8.0,8.0,8.0,8.0,7.999993,Yes,Yes,Yes,Yes,Yes
1604,10.0,10.000000001924342,10.000000002017774,10.000000000000004,10.002425,Yes,Yes,Yes,Yes,Yes
1697,10.0,10.000000001924342,10.000000002017774,10.000000000000005,9.999974,Yes,Yes,Yes,Yes,Yes
3254,7.0,7.0,7.0,6.999999999999998,7.0000057,Yes,Yes,Yes,Yes,Yes
2435,14.0,14.0,14.0,14.000000000000012,14.000072,Yes,Yes,Yes,Yes,Yes
1860,10.0,10.000000001924342,10.000000002017774,10.000000000000004,10.000189,Yes,Yes,Yes,Yes,Yes
3071,11.0,10.999953967825064,11.000005365581542,11.000000000000007,11.000129,Yes,Yes,Yes,Yes,Yes
3587,10.0,10.000000001924342,10.000000002017774,10.000000000000005,10.000016,Yes,Yes,Yes,Yes,Yes
2318,12.0,12.00008345224053,11.999999999565041,12.000000000000009,12.0000725,Yes,Yes,Yes,Yes,Yes
2894,11.0,10.999953967825064,11.000005365581542,11.000000000000005,11.000044,Yes,Yes,Yes,Yes,Yes
99,10.0,10.000000001924342,10.000000002017774,10.000000000000005,9.999998,Yes,Yes,Yes,Yes,Yes
1636,10.0,10.000000001924342,10.000000002017774,10.000000000000004,10.000639,Yes,Yes,Yes,Yes,Yes
3059,11.0,10.999953967825064,11.000005365581542,11.000000000000007,11.000012,Yes,Yes,Yes,Yes,Yes
3643,8.0,8.0,8.0,8.0,7.99998,Yes,Yes,Yes,Yes,Yes
1991,6.0,6.0,6.0,5.999999999999996,6.000024,Yes,Yes,Yes,Yes,Yes
1395,10.0,10.000000001924342,10.000000002017774,10.000000000000004,10.000024,Yes,Yes,Yes,Yes,Yes
3950,13.0,13.000480320254908,13.0,13.00000000000001,13.000829,Yes,Yes,Yes,Yes,Yes
3687,11.0,10.999953967825064,11.000005365581542,11.000000000000005,11.000071,Yes,Yes,Yes,Yes,Yes
2940,10.0,10.000000001924342,10.000000002017774,10.000000000000005,9.999983,Yes,Yes,Yes,Yes,Yes
2179,14.0,14.0,14.0,14.000000000000012,13.999664,Yes,Yes,Yes,Yes,Yes
3339,12.0,12.00008345224053,11.999999999565041,12.000000000000009,11.999376,Yes,Yes,Yes,Yes,Yes
986,8.0,8.0,8.0,8.0,8.000024,Yes,Yes,Yes,Yes,Yes
1624,9.0,9.0,9.0,9.000000000000002,8.999991,Yes,Yes,Yes,Yes,Yes
1438,7.0,7.0,7.0,6.999999999999998,7.0,Yes,Yes,Yes,Yes,Yes
3678,10.0,10.000000001924342,10.000000002017774,10.000000000000005,9.999874,Yes,Yes,Yes,Yes,Yes
2225,13.0,13.000480320254908,13.0,13.00000000000001,12.999897,Yes,Yes,Yes,Yes,Yes
700,12.0,12.00008345224053,11.999999999565041,12.000000000000009,12.000013,Yes,Yes,Yes,Yes,Yes
3480,8.0,8.0,8.0,8.0,7.99998,Yes,Yes,Yes,Yes,Yes
3278,12.0,12.00008345224053,11.999999999565041,12.000000000000009,11.999845,Yes,Yes,Yes,Yes,Yes
1412,10.0,10.000000001924342,10.000000002017774,10.000000000000004,9.99976,Yes,Yes,Yes,Yes,Yes
3918,11.319518851404554,11.303177496123121,11.316189496632107,11.319518851404561,11.32229,Yes,Yes,Yes,Yes,Yes
2710,11.0,10.999953967825064,11.000005365581542,11.000000000000009,10.998687,Yes,Yes,Yes,Yes,Yes
1943,11.0,10.999953967825064,11.000005365581542,11.000000000000007,11.000103,Yes,Yes,Yes,Yes,Yes
1213,5.0,5.0,5.0,4.999999999999992,5.00005,No,No,No,No,Yes
3202,15.000000334433485,14.99999999152457,14.999999991452597,15.0000003344335,15.002051,Yes,Yes,Yes,Yes,Yes
1173,10.0,10.000000001924342,10.000000002017774,10.000000000000005,10.000041,Yes,Yes,Yes,Yes,Yes
745,13.383265936014762,13.314752843354128,13.323561765556397,13.383265936014775,13.363059,Yes,Yes,Yes,Yes,Yes
21,10.0,10.000000001924342,10.000000002017774,10.000000000000005,10.000003,Yes,Yes,Yes,Yes,Yes
3039,10.0,10.000000001924342,10.000000002017774,10.000000000000005,9.999952,Yes,Yes,Yes,Yes,Yes
1386,12.0,12.00008345224053,11.999999999565041,12.000000000000009,11.999577,Yes,Yes,Yes,Yes,Yes
2236,15.0,14.99999999152457,14.999999991452597,15.000000000000014,15.000708,Yes,Yes,Yes,Yes,Yes
4154,6.0,6.0,6.0,5.999999999999996,6.000024,Yes,Yes,Yes,Yes,Yes
2662,9.0,9.0,9.0,9.000000000000002,8.999612,Yes,Yes,Yes,Yes,Yes
705,10.0,10.000000001924342,10.000000002017774,10.000000000000004,9.999843,Yes,Yes,Yes,Yes,Yes
2990,9.0,9.0,9.0,9.000000000000002,8.999982,Yes,Yes,Yes,Yes,Yes
1683,12.0,12.00008345224053,11.999999999565041,12.00000000000001,11.999975,Yes,Yes,Yes,Yes,Yes
13,10.0,10.000000001924342,10.000000002017774,10.000000000000004,9.999997,Yes,Yes,Yes,Yes,Yes
1610,8.0,8.0,8.0,8.0,8.000034,Yes,Yes,Yes,Yes,Yes
3713,11.0,10.999953967825064,11.000005365581542,11.000000000000009,10.999644,Yes,Yes,Yes,Yes,Yes
1608,9.0,9.0,9.0,9.000000000000004,8.99997,Yes,Yes,Yes,Yes,Yes
761,13.410804404896796,13.314752843354128,13.40235998734777,13.410804404896806,13.4347515,Yes,Yes,Yes,Yes,Yes
2273,13.0,13.000480320254908,13.0,13.000000000000012,12.999622,Yes,Yes,Yes,Yes,Yes
804,10.0,10.000000001924342,10.000000002017774,10.000000000000005,9.999765,Yes,Yes,Yes,Yes,Yes
2623,10.0,10.000000001924342,9.99991237870064,10.000000000000004,10.009514,Yes,Yes,Yes,Yes,Yes
102,15.0,14.99999999152457,14.999999991452597,15.000000000000014,14.999658,Yes,Yes,Yes,Yes,Yes
2375,10.0,10.000000001924342,10.000000002017774,10.000000000000004,9.999956,Yes,Yes,Yes,Yes,Yes
1909,9.0,9.0,9.0,9.000000000000002,8.999807,Yes,Yes,Yes,Yes,Yes
2354,11.0,10.999953967825064,11.000005365581542,11.000000000000007,11.000015,Yes,Yes,Yes,Yes,Yes
2709,12.0,12.00008345224053,12.000064208187778,12.00000000000001,12.000179,Yes,Yes,Yes,Yes,Yes
1885,9.0,9.0,9.0,9.000000000000002,8.999999,Yes,Yes,Yes,Yes,Yes
3556,9.0,9.0,9.0,9.000000000000002,8.999988,Yes,Yes,Yes,Yes,Yes
1648,10.0,10.000000001924342,10.000000002017774,10.000000000000004,10.00001,Yes,Yes,Yes,Yes,Yes
3525,6.0,6.0,6.0,5.999999999999996,6.000024,Yes,Yes,Yes,Yes,Yes
4024,6.0,6.0,6.0,5.9999999999999964,6.000024,Yes,Yes,Yes,Yes,Yes
829,7.0,7.0,7.0,6.999999999999997,7.0,Yes,Yes,Yes,Yes,Yes
895,6.0,6.0,5.999822807416596,5.999999999999995,6.0000186,Yes,Yes,Yes,Yes,Yes
2867,6.0,6.0,6.0,5.999999999999996,6.000024,Yes,Yes,Yes,Yes,Yes
2504,6.0,6.0,6.0,5.999999999999995,6.000024,Yes,Yes,Yes,Yes,Yes
2672,8.0,8.0,8.0,8.0,8.0000515,Yes,Yes,Yes,Yes,Yes
3479,7.0,7.0,7.0,6.999999999999997,7.0,Yes,Yes,Yes,Yes,Yes
3855,8.0,8.0,8.0,7.999999999999998,7.9999804,Yes,Yes,Yes,Yes,Yes
1028,11.0,10.999953967825064,11.000005365581542,11.000000000000007,11.000026,Yes,Yes,Yes,Yes,Yes
2902,9.0,9.0,9.0,9.000000000000002,9.000048,Yes,Yes,Yes,Yes,Yes
2878,8.0,8.0,8.0,8.0,7.9999857,Yes,Yes,Yes,Yes,Yes
366,11.0,10.999953967825064,11.000005365581542,11.000000000000007,10.999896,Yes,Yes,Yes,Yes,Yes
1832,8.0,8.0,8.0,7.999999999999998,7.99998,Yes,Yes,Yes,Yes,Yes
2607,9.0,9.0,9.0,9.000000000000002,8.9999895,Yes,Yes,Yes,Yes,Yes
2446,14.0,14.0,14.0,14.000000000000012,14.001026,Yes,Yes,Yes,Yes,Yes
3052,9.0,9.0,9.0,9.000000000000002,8.999903,Yes,Yes,Yes,Yes,Yes
3396,11.755513962089585,11.745035716423534,11.736485712051795,11.755513962089596,11.787045,Yes,Yes,Yes,Yes,Yes
2009,8.0,8.0,8.0,8.0,7.99998,Yes,Yes,Yes,Yes,Yes
2734,8.0,8.0,8.0,8.0,7.99998,Yes,Yes,Yes,Yes,Yes
4016,9.0,9.0,9.0,9.000000000000002,9.000002,Yes,Yes,Yes,Yes,Yes
3792,13.0,13.000480320254908,13.0,13.000000000000012,12.999741,Yes,Yes,Yes,Yes,Yes
1922,8.0,8.0,8.0,8.0,8.000011,Yes,Yes,Yes,Yes,Yes
3944,13.237441706660716,13.16964643818744,13.245378023448584,13.237441706660727,13.234247,Yes,Yes,Yes,Yes,Yes
1561,8.0,8.0,8.0,8.0,7.99998,Yes,Yes,Yes,Yes,Yes
3845,11.0,10.999953967825064,11.000005365581542,11.000000000000007,10.999883,Yes,Yes,Yes,Yes,Yes
2989,9.0,9.0,9.0,9.000000000000004,8.999983,Yes,Yes,Yes,Yes,Yes
1452,9.0,9.0,9.0,9.000000000000002,8.9999695,Yes,Yes,Yes,Yes,Yes
1506,9.0,9.0,9.0,9.000000000000004,8.9999695,Yes,Yes,Yes,Yes,Yes
1185,9.0,9.0,9.0,9.000000000000002,9.000005,Yes,Yes,Yes,Yes,Yes
3365,11.0,10.999953967825064,11.000005365581542,11.000000000000007,10.999937,Yes,Yes,Yes,Yes,Yes
518,4.0,4.000000010637708,4.000208846527514,3.999999999999991,4.0001707,No,No,No,No,No
181,12.664805145380043,12.704366756290014,12.696477217423928,12.66480514538005,12.65652,Yes,Yes,Yes,Yes,Yes
1760,11.0,10.999953967825064,11.000005365581542,11.000000000000007,10.999517,Yes,Yes,Yes,Yes,Yes
1819,11.0,10.999953967825064,11.000005365581542,11.000000000000007,10.999994,Yes,Yes,Yes,Yes,Yes
3490,10.0,10.000000001924342,10.000000002017774,10.000000000000004,10.000098,Yes,Yes,Yes,Yes,Yes
784,5.0,5.2724803142539685,5.003771758333258,4.999999999999993,4.992204,No,Yes,Yes,No,No
577,10.0,10.000000001924342,10.000000002017774,10.000000000000004,9.9998455,Yes,Yes,Yes,Yes,Yes
161,13.0,13.000480320254908,13.0,13.000000000000012,13.000107,Yes,Yes,Yes,Yes,Yes
3825,11.0,10.999953967825064,11.000005365581542,11.000000000000007,10.999773,Yes,Yes,Yes,Yes,Yes
2604,10.0,10.000000001924342,10.000000002017774,10.000000000000005,10.000035,Yes,Yes,Yes,Yes,Yes
613,9.67292532831194,9.724300997087935,9.715162216342428,9.672925328311944,9.682332,Yes,Yes,Yes,Yes,Yes
1960,10.0,10.000000001924342,10.000000002017774,10.000000000000004,9.999885,Yes,Yes,Yes,Yes,Yes
2010,7.0,7.0,7.0,6.999999999999997,7.0,Yes,Yes,Yes,Yes,Yes
3383,14.0,14.0,14.0,14.000000000000012,13.999914,Yes,Yes,Yes,Yes,Yes
3120,9.0,9.0,9.0,9.000000000000002,9.000006,Yes,Yes,Yes,Yes,Yes
2296,13.0,13.000480320254908,13.0,13.00000000000001,13.000058,Yes,Yes,Yes,Yes,Yes
2361,12.0,12.00008345224053,11.999999999565041,12.000000000000007,12.000052,Yes,Yes,Yes,Yes,Yes
953,7.0,7.0,7.0,6.999999999999998,7.0000057,Yes,Yes,Yes,Yes,Yes
486,11.0,10.999953967825064,11.000005365581542,11.000000000000007,11.000102,Yes,Yes,Yes,Yes,Yes
772,8.0,8.0,8.0,8.0,7.9999804,Yes,Yes,Yes,Yes,Yes
1301,9.0,9.0,9.0,9.000000000000004,8.999979,Yes,Yes,Yes,Yes,Yes
1296,9.0,9.0,9.0,9.000000000000004,9.000103,Yes,Yes,Yes,Yes,Yes
2942,9.0,9.0,9.0,9.000000000000002,8.999996,Yes,Yes,Yes,Yes,Yes
3141,5.0,5.0,5.0,4.999999999999992,5.0001936,No,No,No,No,Yes
3961,10.0,10.000000001924342,10.000000002017774,10.000000000000007,9.999886,Yes,Yes,Yes,Yes,Yes
3857,14.108100263317217,14.30807380980221,14.213037479303605,14.108100263317228,14.08335,Yes,Yes,Yes,Yes,Yes
2040,8.0,8.0,8.0,8.0,7.99998,Yes,Yes,Yes,Yes,Yes
636,7.0,7.0,7.0,6.999999999999999,7.0000005,Yes,Yes,Yes,Yes,Yes
2362,10.320272173018118,10.364740879497544,10.333413613448762,10.320272173018122,10.3414,Yes,Yes,Yes,Yes,Yes
587,13.0,13.000480320254908,13.0,13.000000000000012,13.000368,Yes,Yes,Yes,Yes,Yes
3311,12.0,12.00008345224053,11.999999999565041,12.000000000000009,11.999892,Yes,Yes,Yes,Yes,Yes
592,10.252107940983954,10.249327784651525,10.25051836862347,10.25210794098396,10.249701,Yes,Yes,Yes,Yes,Yes
3151,10.552948161020929,10.549292842011976,10.553720031560252,10.552948161020936,10.542547,Yes,Yes,Yes,Yes,Yes
574,10.0,10.000000001924342,10.000000002017774,10.000000000000004,9.999969,Yes,Yes,Yes,Yes,Yes
292,15.0,14.99999999152457,14.999999991452597,15.000000000000014,14.999812,Yes,Yes,Yes,Yes,Yes
3888,12.0,12.00008345224053,11.999999999565041,12.00000000000001,11.999682,Yes,Yes,Yes,Yes,Yes
3066,9.0,9.0,9.0,9.000000000000004,9.000022,Yes,Yes,Yes,Yes,Yes
44,4.0,4.000000010637708,4.00000001051315,3.999999999999991,4.0004215,No,No,No,No,No
1419,12.0,12.00008345224053,11.999999999565041,12.000000000000009,11.9998,Yes,Yes,Yes,Yes,Yes
3483,7.0,7.0,7.0,6.999999999999998,7.0,Yes,Yes,Yes,Yes,Yes
1060,7.0,7.0,7.0,6.999999999999997,6.9999948,Yes,Yes,Yes,Yes,Yes
4046,11.0,10.999953967825064,11.000005365581542,11.000000000000005,10.9998665,Yes,Yes,Yes,Yes,Yes
1094,6.0,6.0,6.0,5.999999999999995,6.000024,Yes,Yes,Yes,Yes,Yes
2798,10.0,10.000000001924342,10.000000002017774,10.000000000000004,10.000003,Yes,Yes,Yes,Yes,Yes
420,14.0,14.0,14.0,14.000000000000014,14.000028,Yes,Yes,Yes,Yes,Yes
2774,9.0,9.0,9.0,9.000000000000004,8.99997,Yes,Yes,Yes,Yes,Yes
1650,11.0,10.999953967825064,11.000005365581542,11.000000000000007,10.999939,Yes,Yes,Yes,Yes,Yes
2456,5.0,5.0,5.0,4.999999999999993,5.00005,No,No,No,No,Yes
2129,12.0,12.00008345224053,11.999999999565041,12.000000000000009,11.999935,Yes,Yes,Yes,Yes,Yes
3135,9.0,9.0,9.0,9.000000000000004,8.999972,Yes,Yes,Yes,Yes,Yes
2142,9.0,9.0,9.0,9.000000000000002,8.9999695,Yes,Yes,Yes,Yes,Yes
3056,11.0,10.999953967825064,11.000005365581542,11.000000000000005,11.000118,Yes,Yes,Yes,Yes,Yes
1534,6.0,6.0,6.0,5.999999999999995,6.000024,Yes,Yes,Yes,Yes,Yes
2119,9.0,9.0,9.0,9.0,8.9999695,Yes,Yes,Yes,Yes,Yes
3897,11.46429812027086,11.441248962241858,11.45751064519062,11.464298120270868,11.442412,Yes,Yes,Yes,Yes,Yes
517,5.0,5.0,5.0,4.999999999999994,5.000056,No,No,No,No,Yes
2373,12.0,12.00008345224053,11.999999999565041,12.000000000000009,12.0001335,Yes,Yes,Yes,Yes,Yes
2527,10.0,10.000000001924342,10.000000002017774,10.000000000000005,10.000106,Yes,Yes,Yes,Yes,Yes
187,10.0,10.000000001924342,10.000000002017774,10.000000000000004,10.000015,Yes,Yes,Yes,Yes,Yes
2987,10.0,10.000000001924342,10.000000002017774,10.000000000000004,10.000694,Yes,Yes,Yes,Yes,Yes
3942,11.0,10.999953967825064,11.000005365581542,11.000000000000007,11.000019,Yes,Yes,Yes,Yes,Yes
1328,10.0,10.000000001924342,10.000000002017774,10.000000000000004,9.999764,Yes,Yes,Yes,Yes,Yes
389,9.0,9.0,9.0,9.0,8.9999695,Yes,Yes,Yes,Yes,Yes
349,14.0,14.0,14.0,14.000000000000016,14.000019,Yes,Yes,Yes,Yes,Yes
1865,7.0,7.0,7.0,6.999999999999999,7.00002,Yes,Yes,Yes,Yes,Yes
3473,4.0,4.000000010637708,4.00000001051315,3.9999999999999902,4.001338,No,No,No,No,No
407,11.487417228852916,11.581615682581095,11.49424000279071,11.487417228852925,11.48512,Yes,Yes,Yes,Yes,Yes
3601,8.0,8.0,8.0,8.0,7.99998,Yes,Yes,Yes,Yes,Yes
2817,7.0,7.0,7.0,6.999999999999998,7.0,Yes,Yes,Yes,Yes,Yes
6,10.419123142447923,10.40449643489191,10.414074020885991,10.419123142447926,10.410111,Yes,Yes,Yes,Yes,Yes
1959,13.0,13.000480320254908,13.0,13.000000000000012,12.9997225,Yes,Yes,Yes,Yes,Yes
3371,10.0,10.000000001924342,10.000000002017774,10.000000000000004,9.999956,Yes,Yes,Yes,Yes,Yes
943,7.0,7.0,7.0,6.999999999999999,7.0,Yes,Yes,Yes,Yes,Yes
79,14.0,14.0,14.0,14.000000000000012,14.000062,Yes,Yes,Yes,Yes,Yes
224,10.0,10.000000001924342,10.000000002017774,10.000000000000004,9.999992,Yes,Yes,Yes,Yes,Yes
2022,9.0,9.0,9.0,9.000000000000002,8.999947,Yes,Yes,Yes,Yes,Yes
2420,13.0,13.000480320254908,13.0,13.000000000000012,12.999986,Yes,Yes,Yes,Yes,Yes
203,13.0,13.000480320254908,13.0,13.00000000000001,13.000963,Yes,Yes,Yes,Yes,Yes
3510,9.0,9.0,9.0,9.000000000000002,9.000002,Yes,Yes,Yes,Yes,Yes
19,9.0,9.0,9.0,9.000000000000002,8.999972,Yes,Yes,Yes,Yes,Yes
3492,8.0,8.0,8.0,8.000000000000002,8.000011,Yes,Yes,Yes,Yes,Yes
438,9.0,9.0,9.0,9.000000000000004,8.999991,Yes,Yes,Yes,Yes,Yes
3927,12.0,12.00008345224053,11.999999999565041,12.000000000000009,11.999718,Yes,Yes,Yes,Yes,Yes
2188,12.0,12.00008345224053,11.999999999565041,12.000000000000009,11.999992,Yes,Yes,Yes,Yes,Yes
90,15.0,14.99999999152457,14.999999991452597,15.000000000000014,15.000056,Yes,Yes,Yes,Yes,Yes
2223,14.0,14.0,14.0,14.00000000000001,14.00058,Yes,Yes,Yes,Yes,Yes
3649,9.0,9.0,9.0,9.000000000000002,8.999982,Yes,Yes,Yes,Yes,Yes
1548,8.0,8.0,8.0,8.000000000000002,7.99998,Yes,Yes,Yes,Yes,Yes
3573,10.0,10.000000001924342,10.000000002017774,10.000000000000004,9.999995,Yes,Yes,Yes,Yes,Yes
2930,11.0,10.999953967825064,11.000005365581542,11.000000000000007,11.000025,Yes,Yes,Yes,Yes,Yes
3237,11.717502475141874,11.745035716423534,11.700024519929991,11.717502475141883,11.727981,Yes,Yes,Yes,Yes,Yes
2730,6.0,6.0,6.0,5.999999999999996,6.000024,Yes,Yes,Yes,Yes,Yes
1613,12.0,12.00008345224053,11.999999999565041,12.000000000000009,12.000047,Yes,Yes,Yes,Yes,Yes
256,14.250572787035027,14.30807380980221,14.297830965808759,14.250572787035038,14.208794,Yes,Yes,Yes,Yes,Yes
808,10.0,10.000000001924342,10.000000002017774,10.000000000000004,10.000007,Yes,Yes,Yes,Yes,Yes
3300,10.241781649557506,10.249327784651525,10.244764508039376,10.241781649557508,10.246196,Yes,Yes,Yes,Yes,Yes
1171,8.0,8.0,8.0,8.000000000000002,8.000005,Yes,Yes,Yes,Yes,Yes
1497,10.0,10.000000001924342,10.000000002017774,10.000000000000004,10.000027,Yes,Yes,Yes,Yes,Yes
1660,9.0,9.0,9.0,9.000000000000002,8.99997,Yes,Yes,Yes,Yes,Yes
1104,8.0,8.0,8.0,8.0,8.000015,Yes,Yes,Yes,Yes,Yes
3319,9.643015255778058,9.595816590116188,9.61259335716514,9.643015255778062,9.60399,Yes,Yes,Yes,Yes,Yes
1227,8.0,8.0,8.0,8.000000000000002,7.99998,Yes,Yes,Yes,Yes,Yes
2132,10.0,10.000000001924342,10.000000002017774,10.000000000000005,10.000187,Yes,Yes,Yes,Yes,Yes
1907,9.0,9.0,9.0,9.000000000000002,8.999971,Yes,Yes,Yes,Yes,Yes
1584,6.0,6.0,6.0,5.999999999999997,6.0000296,Yes,Yes,Yes,Yes,Yes
1087,8.0,8.0,8.0,7.999999999999998,7.99998,Yes,Yes,Yes,Yes,Yes
37,8.0,8.0,8.0,8.000000000000002,7.9999857,Yes,Yes,Yes,Yes,Yes
1140,9.0,9.0,9.0,9.000000000000004,8.999964,Yes,Yes,Yes,Yes,Yes
364,12.0,12.00008345224053,11.999999999565041,12.000000000000009,11.999837,Yes,Yes,Yes,Yes,Yes
1102,6.0,6.0,6.0,5.9999999999999964,6.0000243,Yes,Yes,Yes,Yes,Yes
3359,12.904439814032962,12.915267195064848,12.910804956278067,12.904439814032974,12.902369,Yes,Yes,Yes,Yes,Yes
2343,6.0,6.0,5.971649186655267,5.999999999999995,6.0108585,Yes,Yes,Yes,Yes,Yes
3745,5.0,5.0,5.0,4.999999999999994,5.00005,No,No,No,No,Yes
231,14.0,14.0,14.0,14.000000000000012,13.999434,Yes,Yes,Yes,Yes,Yes
2671,8.0,8.0,8.0,8.0,8.000014,Yes,Yes,Yes,Yes,Yes
3988,8.0,8.0,8.0,8.0,8.000002,Yes,Yes,Yes,Yes,Yes
3171,13.0,13.000480320254908,13.0,13.000000000000009,13.000056,Yes,Yes,Yes,Yes,Yes
1281,9.0,9.0,9.0,9.000000000000004,8.9999695,Yes,Yes,Yes,Yes,Yes
2357,10.28144862391315,10.266339943968298,10.277999364277134,10.281448623913157,10.278182,Yes,Yes,Yes,Yes,Yes
2822,7.0,7.0,7.0,6.999999999999998,7.0,Yes,Yes,Yes,Yes,Yes
2150,10.0,10.000000001924342,10.000000002017774,10.000000000000004,9.999937,Yes,Yes,Yes,Yes,Yes
1895,11.0,10.999953967825064,11.000005365581542,11.000000000000007,10.999897,Yes,Yes,Yes,Yes,Yes
2399,10.572424324516364,10.549292842011976,10.560905365241856,10.57242432451637,10.542388,Yes,Yes,Yes,Yes,Yes
2739,7.0,7.0,7.0,6.999999999999998,7.0,Yes,Yes,Yes,Yes,Yes
773,9.0,9.0,9.0,9.000000000000002,8.999972,Yes,Yes,Yes,Yes,Yes
1875,9.0,9.0,9.0,9.000000000000002,9.000317,Yes,Yes,Yes,Yes,Yes
495,15.0,14.99999999152457,14.999999991452597,15.000000000000016,14.999393,Yes,Yes,Yes,Yes,Yes
3955,9.0,9.0,9.0,9.000000000000004,8.9999695,Yes,Yes,Yes,Yes,Yes
932,7.0,7.0,7.0,6.999999999999997,7.0,Yes,Yes,Yes,Yes,Yes
3119,10.0,10.000000001924342,10.000000002017774,10.000000000000004,10.000066,Yes,Yes,Yes,Yes,Yes
4118,9.0,9.0,9.0,9.000000000000002,8.999975,Yes,Yes,Yes,Yes,Yes
2735,8.0,8.0,8.0,8.0,7.99998,Yes,Yes,Yes,Yes,Yes
1164,10.0,10.000000001924342,10.000000002017774,10.000000000000005,9.999989,Yes,Yes,Yes,Yes,Yes
2263,13.0,13.000480320254908,13.0,13.000000000000012,12.999946,Yes,Yes,Yes,Yes,Yes
3024,9.0,9.0,9.0,9.000000000000002,8.9999695,Yes,Yes,Yes,Yes,Yes
534,10.0,10.000000001924342,10.000000002017774,10.000000000000005,9.999984,Yes,Yes,Yes,Yes,Yes
1036,11.0,10.999953967825064,11.000005365581542,11.000000000000007,10.999957,Yes,Yes,Yes,Yes,Yes
2984,10.0,10.000000001924342,10.000000002017774,10.000000000000007,10.00133,Yes,Yes,Yes,Yes,Yes
1986,4.0,4.000000010637708,4.00000001051315,3.999999999999991,4.0000353,No,No,No,No,No
325,7.0,7.0,7.0,6.999999999999998,7.0,Yes,Yes,Yes,Yes,Yes
3198,11.0,10.999953967825064,11.000005365581542,11.000000000000005,10.99978,Yes,Yes,Yes,Yes,Yes
557,12.0,12.00008345224053,11.999999999565041,12.000000000000009,11.999833,Yes,Yes,Yes,Yes,Yes
1794,10.0,10.000000001924342,10.000000002017774,10.000000000000005,10.000009,Yes,Yes,Yes,Yes,Yes
1564,7.0,7.0,7.0,6.999999999999997,7.0,Yes,Yes,Yes,Yes,Yes
2972,13.0,13.000480320254908,13.0,13.000000000000012,13.00038,Yes,Yes,Yes,Yes,Yes
201,13.0,13.000480320254908,13.0,13.00000000000001,13.000908,Yes,Yes,Yes,Yes,Yes
4097,9.0,9.0,9.0,9.000000000000002,8.999989,Yes,Yes,Yes,Yes,Yes
1435,5.0,5.0,5.0,4.999999999999993,5.00005,No,No,No,No,Yes
4011,9.0,9.0,9.0,9.0,8.9999895,Yes,Yes,Yes,Yes,Yes
1736,13.0,13.000480320254908,13.0,13.00000000000001,12.9999895,Yes,Yes,Yes,Yes,Yes
3495,8.0,8.0,8.0,8.0,7.9999914,Yes,Yes,Yes,Yes,Yes
2139,14.0,14.0,14.0,14.000000000000012,14.000074,Yes,Yes,Yes,Yes,Yes
796,11.0,10.999953967825064,11.000005365581542,11.000000000000005,10.999843,Yes,Yes,Yes,Yes,Yes
416,10.170451035692217,10.211232688705111,10.2120588121753,10.170451035692222,10.186661,Yes,Yes,Yes,Yes,Yes
2190,11.0,10.999953967825064,11.000005365581542,11.000000000000005,10.99912,Yes,Yes,Yes,Yes,Yes
3660,10.0,10.000000001924342,10.000000002017774,10.000000000000005,9.999995,Yes,Yes,Yes,Yes,Yes
3034,10.0,10.000000001924342,10.000000002017774,10.0,10.002377,Yes,Yes,Yes,Yes,Yes
1773,10.0,10.000000001924342,10.000000002017774,10.000000000000004,10.000165,Yes,Yes,Yes,Yes,Yes
1064,6.0,6.0,6.0,5.999999999999996,6.000024,Yes,Yes,Yes,Yes,Yes
3225,9.0,9.0,9.0,9.000000000000002,8.999978,Yes,Yes,Yes,Yes,Yes
1501,9.0,9.0,9.0,9.000000000000002,9.000007,Yes,Yes,Yes,Yes,Yes
2775,10.0,10.000000001924342,10.000000002017774,10.000000000000005,9.999939,Yes,Yes,Yes,Yes,Yes
724,11.0,10.999953967825064,11.000005365581542,11.000000000000007,10.999883,Yes,Yes,Yes,Yes,Yes
3164,13.0,13.000480320254908,13.0,13.00000000000001,12.999834,Yes,Yes,Yes,Yes,Yes
3078,11.0,10.999953967825064,11.000005365581542,11.000000000000007,10.99993,Yes,Yes,Yes,Yes,Yes
718,4.0,4.000000010637708,4.00000001051315,3.999999999999991,3.999655,No,No,No,No,No
1239,7.0,7.0,7.0,6.999999999999997,7.0,Yes,Yes,Yes,Yes,Yes
4066,7.0,7.0,7.0,6.999999999999998,7.0,Yes,Yes,Yes,Yes,Yes
3097,11.0,10.999953967825064,11.000005365581542,11.000000000000005,11.000055,Yes,Yes,Yes,Yes,Yes
984,10.0,10.000000001924342,10.000000002017774,10.000000000000005,10.000028,Yes,Yes,Yes,Yes,Yes
823,6.0,6.0,6.0,5.999999999999996,6.000024,Yes,Yes,Yes,Yes,Yes
3414,7.0,7.0,7.0,6.999999999999998,7.0000057,Yes,Yes,Yes,Yes,Yes
1074,7.0,7.0,7.0,6.999999999999997,7.0,Yes,Yes,Yes,Yes,Yes
2779,9.0,9.0,9.0,9.000000000000004,9.000014,Yes,Yes,Yes,Yes,Yes
108,9.0,9.0,9.0,9.000000000000002,8.999976,Yes,Yes,Yes,Yes,Yes
93,10.0,10.000000001924342,10.000000002017774,10.000000000000005,10.000023,Yes,Yes,Yes,Yes,Yes
2299,8.0,8.0,8.0,8.0,7.99998,Yes,Yes,Yes,Yes,Yes
4075,8.0,8.0,8.0,8.0,8.000023,Yes,Yes,Yes,Yes,Yes
739,10.0,10.000000001924342,10.000000002017774,10.000000000000005,9.999946,Yes,Yes,Yes,Yes,Yes
3530,7.0,7.0,7.0,6.999999999999997,7.0,Yes,Yes,Yes,Yes,Yes
58,4.0,4.000000010637708,4.00000001051315,3.999999999999991,4.0001574,No,No,No,No,No
1540,8.0,8.0,8.0,8.0,7.99998,Yes,Yes,Yes,Yes,Yes
1237,6.0,6.0,6.0,5.999999999999995,6.000024,Yes,Yes,Yes,Yes,Yes
2695,9.0,9.0,9.0,9.000000000000004,9.000023,Yes,Yes,Yes,Yes,Yes
1784,8.0,8.0,8.0,8.0,8.000047,Yes,Yes,Yes,Yes,Yes
1273,8.0,8.0,8.0,8.0,7.99998,Yes,Yes,Yes,Yes,Yes
1823,11.0,10.999953967825064,11.000005365581542,11.000000000000007,11.000328,Yes,Yes,Yes,Yes,Yes
899,5.0,5.0,5.0,4.999999999999993,5.00005,No,No,No,No,Yes
1669,10.0,10.000000001924342,10.000000002017774,10.000000000000005,10.000011,Yes,Yes,Yes,Yes,Yes
3186,6.0,6.0,6.0,5.999999999999996,6.0000296,Yes,Yes,Yes,Yes,Yes
3298,13.0,13.000480320254908,13.0,13.00000000000001,12.999805,Yes,Yes,Yes,Yes,Yes
3294,14.0,14.0,14.0,14.000000000000014,13.999931,Yes,Yes,Yes,Yes,Yes
1924,8.0,8.0,8.0,8.0,8.000006,Yes,Yes,Yes,Yes,Yes
2579,7.0,7.0,7.0,6.999999999999998,7.0000367,Yes,Yes,Yes,Yes,Yes
345,13.0,13.000480320254908,13.0,13.00000000000001,12.999972,Yes,Yes,Yes,Yes,Yes
3388,13.0,13.000480320254908,13.0,13.000000000000014,12.999995,Yes,Yes,Yes,Yes,Yes
1637,8.0,8.0,8.0,7.9999999999999964,7.99907,Yes,Yes,Yes,Yes,Yes
1126,9.0,9.0,9.0,9.000000000000004,8.999992,Yes,Yes,Yes,Yes,Yes
481,12.527301068193868,12.529961606825575,12.542583207803041,12.527301068193879,12.53107,Yes,Yes,Yes,Yes,Yes
589,13.0,13.000480320254908,13.0,13.00000000000001,12.999999,Yes,Yes,Yes,Yes,Yes
1993,6.0,6.0,6.0,5.9999999999999964,6.000024,Yes,Yes,Yes,Yes,Yes
2558,6.0,6.0,6.0,5.9999999999999964,6.000024,Yes,Yes,Yes,Yes,Yes
440,10.0,10.000000001924342,10.000000002017774,10.000000000000004,10.000003,Yes,Yes,Yes,Yes,Yes
2395,14.0,14.0,14.0,14.000000000000012,13.999804,Yes,Yes,Yes,Yes,Yes
3043,10.0,10.000000001924342,10.000000002017774,10.000000000000004,9.999974,Yes,Yes,Yes,Yes,Yes
960,7.0,7.0,7.0,6.999999999999997,7.0000105,Yes,Yes,Yes,Yes,Yes
644,9.0,9.0,9.0,9.000000000000002,8.999972,Yes,Yes,Yes,Yes,Yes
169,12.0,12.00008345224053,11.999999999565041,12.000000000000007,11.9968195,Yes,Yes,Yes,Yes,Yes
1195,9.0,9.0,9.0,9.000000000000004,9.000026,Yes,Yes,Yes,Yes,Yes
1525,11.0,10.999953967825064,11.000005365581542,11.000000000000007,10.999504,Yes,Yes,Yes,Yes,Yes
965,8.0,8.0,8.0,8.0,8.000007,Yes,Yes,Yes,Yes,Yes
490,14.0,14.0,14.0,14.000000000000014,14.000342,Yes,Yes,Yes,Yes,Yes
3578,10.0,10.000000001924342,10.000000002017774,10.000000000000004,10.000019,Yes,Yes,Yes,Yes,Yes
3716,5.0,5.0,5.0,4.999999999999992,5.00005,No,No,No,No,Yes
870,12.0,12.00008345224053,11.999999999565041,12.000000000000009,11.999696,Yes,Yes,Yes,Yes,Yes
351,11.72560504039337,11.745035716423534,11.69800943695359,11.72560504039338,11.732503,Yes,Yes,Yes,Yes,Yes
186,12.0,12.00008345224053,11.999999999565041,12.000000000000009,12.001039,Yes,Yes,Yes,Yes,Yes
3055,11.0,10.999953967825064,11.000005365581542,11.000000000000005,10.999866,Yes,Yes,Yes,Yes,Yes
194,10.0,10.000000001924342,10.000000002017774,10.000000000000007,10.000011,Yes,Yes,Yes,Yes,Yes
2473,14.0,14.0,14.0,14.000000000000014,14.000093,Yes,Yes,Yes,Yes,Yes
399,11.0,10.999953967825064,11.000005365581542,11.000000000000007,10.999927,Yes,Yes,Yes,Yes,Yes
1189,12.0,12.00008345224053,11.999999999565041,12.000000000000009,12.000329,Yes,Yes,Yes,Yes,Yes
779,15.0,14.99999999152457,14.999999991452597,15.000000000000016,15.0007105,Yes,Yes,Yes,Yes,Yes
1403,10.0,10.000000001924342,10.000000002017774,10.000000000000005,10.000013,Yes,Yes,Yes,Yes,Yes
3324,12.0,12.00008345224053,11.999999999565041,12.000000000000009,12.000049,Yes,Yes,Yes,Yes,Yes
1216,5.0,5.0,5.0,4.999999999999993,5.000112,No,No,No,No,Yes
3594,12.0,12.00008345224053,11.999999999565041,12.00000000000001,11.999922,Yes,Yes,Yes,Yes,Yes
3512,11.0,10.999953967825064,11.000005365581542,11.000000000000007,11.000021,Yes,Yes,Yes,Yes,Yes
2657,9.0,9.0,9.0,9.000000000000002,8.99997,Yes,Yes,Yes,Yes,Yes
1143,9.0,9.0,9.0,9.000000000000004,8.999962,Yes,Yes,Yes,Yes,Yes
4151,6.0,6.0,6.0,5.999999999999996,6.000024,Yes,Yes,Yes,Yes,Yes
2707,9.0,9.0,9.0,9.000000000000002,9.000111,Yes,Yes,Yes,Yes,Yes
3810,8.0,8.0,8.0,8.0,7.9999895,Yes,Yes,Yes,Yes,Yes
2422,12.0,12.00008345224053,11.999999999565041,12.00000000000001,12.000068,Yes,Yes,Yes,Yes,Yes
3581,9.0,9.0,9.0,9.000000000000002,8.999993,Yes,Yes,Yes,Yes,Yes
1344,10.0,10.000000001924342,10.000000002017774,10.000000000000004,9.999965,Yes,Yes,Yes,Yes,Yes
1641,9.0,9.0,9.0,9.000000000000004,8.9999,Yes,Yes,Yes,Yes,Yes
3147,13.0,13.000480320254908,13.0,13.00000000000001,12.999688,Yes,Yes,Yes,Yes,Yes
3417,9.0,9.0,9.0,9.000000000000004,8.999991,Yes,Yes,Yes,Yes,Yes
487,15.0,14.99999999152457,14.999999991452597,15.000000000000016,14.999876,Yes,Yes,Yes,Yes,Yes
1710,10.0,10.000000001924342,10.000000002017774,10.000000000000004,10.000016,Yes,Yes,Yes,Yes,Yes
605,13.0,13.000480320254908,13.0,13.000000000000009,12.999978,Yes,Yes,Yes,Yes,Yes
4003,8.0,8.0,8.0,8.000000000000002,7.99998,Yes,Yes,Yes,Yes,Yes
2964,9.0,9.0,9.0,9.000000000000002,8.99999,Yes,Yes,Yes,Yes,Yes
2641,7.0,7.0,7.0,6.9999999999999964,7.0,Yes,Yes,Yes,Yes,Yes
2640,7.0,7.0,7.0,6.999999999999998,7.0,Yes,Yes,Yes,Yes,Yes
3811,9.0,9.0,9.0,9.000000000000004,8.999991,Yes,Yes,Yes,Yes,Yes
3999,6.0,6.0,6.0,5.999999999999996,6.000024,Yes,Yes,Yes,Yes,Yes
3646,9.0,9.0,9.0,9.000000000000002,8.9999695,Yes,Yes,Yes,Yes,Yes
2126,10.0,10.000000001924342,10.000000002017774,10.000000000000005,10.000008,Yes,Yes,Yes,Yes,Yes
771,8.0,8.0,8.0,8.0,7.99998,Yes,Yes,Yes,Yes,Yes
1012,10.0,10.000000001924342,10.000000002017774,10.000000000000004,10.000046,Yes,Yes,Yes,Yes,Yes
671,11.73623943930233,11.745035716423534,11.707607515556969,11.736239439302338,11.713793,Yes,Yes,Yes,Yes,Yes
398,12.0,12.00008345224053,11.999999999565041,12.000000000000007,11.998959,Yes,Yes,Yes,Yes,Yes
2270,11.45448845016312,11.441248962241858,11.448971922129028,11.45448845016313,11.447641,Yes,Yes,Yes,Yes,Yes
1847,8.0,8.0,8.0,8.0,7.99998,Yes,Yes,Yes,Yes,Yes
2978,8.0,8.0,8.0,8.0,8.000073,Yes,Yes,Yes,Yes,Yes
2869,5.0,5.0,5.0,4.999999999999993,5.00005,No,No,No,No,Yes
1503,10.0,10.000000001924342,10.000000002017774,10.000000000000004,9.999585,Yes,Yes,Yes,Yes,Yes
421,11.0,10.999953967825064,11.000005365581542,11.000000000000007,10.999941,Yes,Yes,Yes,Yes,Yes
1408,10.0,10.000000001924342,10.000000002017774,10.000000000000005,10.000017,Yes,Yes,Yes,Yes,Yes
2135,12.0,12.00008345224053,11.999999999565041,12.00000000000001,12.000638,Yes,Yes,Yes,Yes,Yes
2891,8.0,8.0,8.0,8.0,7.99998,Yes,Yes,Yes,Yes,Yes
1754,13.0,13.000480320254908,13.0,13.000000000000012,13.001217,Yes,Yes,Yes,Yes,Yes
1559,7.0,7.0,7.0,6.999999999999997,7.0,Yes,Yes,Yes,Yes,Yes
1291,13.0,13.000480320254908,13.0,13.000000000000009,12.9998665,Yes,Yes,Yes,Yes,Yes
1030,10.0,10.000000001924342,10.000000002017774,10.000000000000005,9.9999695,Yes,Yes,Yes,Yes,Yes
2028,10.0,10.000000001924342,10.000000002017774,10.000000000000005,10.000032,Yes,Yes,Yes,Yes,Yes
3784,11.0,10.999953967825064,11.000005365581542,11.000000000000009,11.000162,Yes,Yes,Yes,Yes,Yes
525,4.0,4.000000010637708,4.000208846527514,3.999999999999991,4.0004044,No,No,No,No,No
664,9.82165060356545,9.875048906154609,9.805826845475215,9.821650603565454,9.8220215,Yes,Yes,Yes,Yes,Yes
2359,13.0,13.000480320254908,13.0,13.000000000000009,12.998343,Yes,Yes,Yes,Yes,Yes
632,10.0,10.000000001924342,10.000000002017774,10.000000000000004,9.999937,Yes,Yes,Yes,Yes,Yes
2997,9.0,9.0,9.0,9.000000000000005,8.999547,Yes,Yes,Yes,Yes,Yes
321,4.0,4.000000010637708,4.00000001051315,3.999999999999991,4.0006046,No,No,No,No,No
2338,12.077978164813173,12.108872728256747,12.088453334485814,12.077978164813182,12.090751,Yes,Yes,Yes,Yes,Yes
3134,8.0,8.0,8.0,8.0,7.999983,Yes,Yes,Yes,Yes,Yes
157,15.000000568302768,14.99999999152457,14.999999991452597,15.000000568302783,15.000056,Yes,Yes,Yes,Yes,Yes
4156,8.0,8.0,8.0,8.0,7.9999804,Yes,Yes,Yes,Yes,Yes
2600,10.0,10.000000001924342,10.000000002017774,10.000000000000005,10.000031,Yes,Yes,Yes,Yes,Yes
2881,8.0,8.0,8.0,8.000000000000002,7.999805,Yes,Yes,Yes,Yes,Yes
332,5.0,5.0,5.0,4.999999999999994,5.00005,No,No,No,No,Yes
1128,8.0,8.0,8.0,7.999999999999998,7.9999967,Yes,Yes,Yes,Yes,Yes
661,11.0,10.999953967825064,11.000005365581542,11.000000000000004,10.999999,Yes,Yes,Yes,Yes,Yes
719,4.0000000964285745,4.000000010637708,4.00000001051315,4.000000096428566,4.00076,No,No,No,No,No
790,10.0,10.000000001924342,10.000000002017774,10.000000000000005,9.999668,Yes,Yes,Yes,Yes,Yes
3003,10.0,10.000000001924342,10.000000002017774,10.000000000000005,10.0000105,Yes,Yes,Yes,Yes,Yes
792,9.0,9.0,9.0,9.000000000000002,9.000133,Yes,Yes,Yes,Yes,Yes
1729,11.0,10.999953967825064,11.000005365581542,11.000000000000007,10.999822,Yes,Yes,Yes,Yes,Yes
386,12.0,12.00008345224053,11.999999999565041,12.000000000000009,11.999969,Yes,Yes,Yes,Yes,Yes
1078,6.0,6.0,6.0,5.999999999999996,6.000024,Yes,Yes,Yes,Yes,Yes
435,11.0,10.999953967825064,11.000005365581542,11.000000000000005,10.99908,Yes,Yes,Yes,Yes,Yes
1815,11.0,10.999953967825064,11.000005365581542,11.000000000000005,10.999839,Yes,Yes,Yes,Yes,Yes
2941,10.0,10.000000001924342,10.000000002017774,10.000000000000005,10.000151,Yes,Yes,Yes,Yes,Yes
2487,11.0,10.999953967825064,11.000005365581542,11.000000000000007,10.999934,Yes,Yes,Yes,Yes,Yes
3427,13.0,13.000480320254908,13.0,13.000000000000012,12.999759,Yes,Yes,Yes,Yes,Yes
988,7.0,7.0,7.0,6.9999999999999964,7.0001345,Yes,Yes,Yes,Yes,Yes
498,11.0,10.999953967825064,11.000005365581542,11.000000000000005,10.999974,Yes,Yes,Yes,Yes,Yes
4127,10.0,10.000000001924342,10.000000002017774,10.000000000000004,9.9993105,Yes,Yes,Yes,Yes,Yes
3436,6.0,6.0,6.0,5.999999999999996,6.000024,Yes,Yes,Yes,Yes,Yes
2624,12.0,12.00008345224053,11.999999999565041,12.00000000000001,11.9987,Yes,Yes,Yes,Yes,Yes
45,7.0,7.0,7.0,6.999999999999997,7.0,Yes,Yes,Yes,Yes,Yes
1549,7.0,7.0,7.0,6.999999999999998,7.0,Yes,Yes,Yes,Yes,Yes
1785,8.0,8.0,8.0,8.0,8.000015,Yes,Yes,Yes,Yes,Yes
3788,8.0,8.0,8.0,8.0,7.9999905,Yes,Yes,Yes,Yes,Yes
3020,8.0,8.0,8.0,8.0,7.99998,Yes,Yes,Yes,Yes,Yes
2933,10.0,10.000000001924342,10.000000002017774,10.000000000000005,10.000009,Yes,Yes,Yes,Yes,Yes
3812,12.0,12.00008345224053,11.999999999565041,12.000000000000009,11.99996,Yes,Yes,Yes,Yes,Yes
1432,5.0,5.0,5.0,4.999999999999994,5.00005,No,No,No,No,Yes
1892,9.0,9.0,9.0,9.000000000000004,8.999958,Yes,Yes,Yes,Yes,Yes
2328,15.0,14.99999999152457,14.999999991452597,15.000000000000014,15.000277,Yes,Yes,Yes,Yes,Yes
993,10.0,10.000000001924342,10.000000002017774,10.000000000000005,9.99998,Yes,Yes,Yes,Yes,Yes
3545,8.0,8.0,8.0,8.0,7.99998,Yes,Yes,Yes,Yes,Yes
2605,9.0,9.0,9.0,9.000000000000004,9.000022,Yes,Yes,Yes,Yes,Yes
2882,9.0,9.0,9.0,9.000000000000004,8.9999695,Yes,Yes,Yes,Yes,Yes
2325,10.0,10.000000001924342,10.000000002017774,10.000000000000005,10.000007,Yes,Yes,Yes,Yes,Yes
710,7.0,7.0,7.0,6.999999999999997,7.0,Yes,Yes,Yes,Yes,Yes
799,11.0,10.999953967825064,11.000005365581542,11.000000000000007,10.999955,Yes,Yes,Yes,Yes,Yes
2794,10.0,10.000000001924342,10.000000002017774,10.000000000000005,10.000008,Yes,Yes,Yes,Yes,Yes
1947,12.0,12.00008345224053,11.999999999565041,12.000000000000009,11.999814,Yes,Yes,Yes,Yes,Yes
3460,9.0,9.0,9.0,9.000000000000002,8.999974,Yes,Yes,Yes,Yes,Yes
1995,6.0,6.0,6.0,5.9999999999999964,6.000024,Yes,Yes,Yes,Yes,Yes
4140,10.0,10.000000001924342,10.000000002017774,10.000000000000004,9.999415,Yes,Yes,Yes,Yes,Yes
2427,6.0,6.0,6.0,5.999999999999996,6.0000243,Yes,Yes,Yes,Yes,Yes
3440,7.0,7.0,7.0,6.999999999999998,7.0,Yes,Yes,Yes,Yes,Yes
2932,10.0,10.000000001924342,10.000000002017774,10.000000000000005,9.999954,Yes,Yes,Yes,Yes,Yes
2926,11.0,10.999953967825064,11.000005365581542,11.000000000000007,11.0000515,Yes,Yes,Yes,Yes,Yes
813,5.0,5.0,5.0,4.999999999999994,5.00005,No,No,No,No,Yes
4019,10.0,10.000000001924342,10.000000002017774,10.000000000000005,10.000021,Yes,Yes,Yes,Yes,Yes
2389,11.0,10.999953967825064,11.000005365581542,11.000000000000004,10.999883,Yes,Yes,Yes,Yes,Yes
1848,9.0,9.0,9.0,9.000000000000002,8.9999695,Yes,Yes,Yes,Yes,Yes
3794,10.0,10.000000001924342,10.000000002017774,10.000000000000005,10.0,Yes,Yes,Yes,Yes,Yes
2630,6.0,6.0,6.0,5.999999999999995,6.000024,Yes,Yes,Yes,Yes,Yes
4104,11.0,10.999953967825064,11.000005365581542,11.000000000000009,10.999998,Yes,Yes,Yes,Yes,Yes
110,9.0,9.0,9.0,9.000000000000004,8.999982,Yes,Yes,Yes,Yes,Yes
3535,9.0,9.0,9.0,9.000000000000004,8.999978,Yes,Yes,Yes,Yes,Yes
678,12.685369595257177,12.704366756290014,12.709461030930349,12.685369595257185,12.69673,Yes,Yes,Yes,Yes,Yes
3575,8.0,8.0,8.0,8.0,7.999984,Yes,Yes,Yes,Yes,Yes
1518,11.0,10.999953967825064,11.000005365581542,11.000000000000005,11.000026,Yes,Yes,Yes,Yes,Yes
1973,10.0,10.000000001924342,10.000000002017774,10.000000000000007,10.000051,Yes,Yes,Yes,Yes,Yes
3543,8.0,8.0,8.0,8.0,7.99998,Yes,Yes,Yes,Yes,Yes
314,10.578759645016843,10.549292842011976,10.559478033651196,10.578759645016849,10.541844,Yes,Yes,Yes,Yes,Yes
1093,7.0,7.0,7.0,6.999999999999998,7.0000033,Yes,Yes,Yes,Yes,Yes
1177,10.0,10.000000001924342,10.000000002017774,10.000000000000005,10.000014,Yes,Yes,Yes,Yes,Yes
1400,11.0,10.999953967825064,11.000005365581542,11.000000000000005,11.000024,Yes,Yes,Yes,Yes,Yes
2045,8.0,8.0,8.0,8.000000000000002,7.99998,Yes,Yes,Yes,Yes,Yes
3842,9.0,9.0,9.0,9.000000000000002,8.999935,Yes,Yes,Yes,Yes,Yes
2282,10.0,10.000000001924342,10.000000002017774,10.000000000000005,9.999929,Yes,Yes,Yes,Yes,Yes
2466,9.0,9.0,9.0,9.000000000000002,8.999981,Yes,Yes,Yes,Yes,Yes
3620,9.0,9.0,9.0,9.000000000000004,9.000005,Yes,Yes,Yes,Yes,Yes
1653,10.0,10.000000001924342,10.000000002017774,10.000000000000005,10.000005,Yes,Yes,Yes,Yes,Yes
2893,8.0,8.0,8.0,8.0,8.000141,Yes,Yes,Yes,Yes,Yes
1941,11.0,10.999953967825064,11.000005365581542,11.000000000000007,10.999929,Yes,Yes,Yes,Yes,Yes
4065,6.0,6.0,6.0,5.999999999999996,6.000024,Yes,Yes,Yes,Yes,Yes
3143,4.0,4.000000010637708,4.00000001051315,3.999999999999991,3.9997706,No,No,No,No,No
3106,5.0,5.0,5.0,4.999999999999994,5.00005,No,No,No,No,Yes
3048,8.0,8.0,8.0,8.0,8.000023,Yes,Yes,Yes,Yes,Yes
2084,12.0,12.00008345224053,11.999999999565041,12.000000000000007,12.000184,Yes,Yes,Yes,Yes,Yes
2379,10.0,10.000000001924342,10.000000002017774,10.000000000000005,10.000033,Yes,Yes,Yes,Yes,Yes
3531,7.0,7.0,7.0,6.999999999999997,7.0,Yes,Yes,Yes,Yes,Yes
383,12.0,12.00008345224053,11.999999999565041,12.000000000000009,11.999976,Yes,Yes,Yes,Yes,Yes
701,14.0,14.0,14.0,14.000000000000014,14.000132,Yes,Yes,Yes,Yes,Yes
3756,9.0,9.0,9.0,9.000000000000004,8.9999695,Yes,Yes,Yes,Yes,Yes
4049,9.0,9.0,9.0,9.000000000000002,9.000009,Yes,Yes,Yes,Yes,Yes
3806,8.0,8.0,8.0,8.0,7.99998,Yes,Yes,Yes,Yes,Yes
2329,15.0,14.99999999152457,14.999999991452597,15.000000000000012,14.999876,Yes,Yes,Yes,Yes,Yes
4150,7.0,7.0,7.0,6.999999999999998,7.0,Yes,Yes,Yes,Yes,Yes
1163,9.0,9.0,9.0,9.000000000000002,8.999982,Yes,Yes,Yes,Yes,Yes
990,9.0,9.0,9.0,9.000000000000004,8.999998,Yes,Yes,Yes,Yes,Yes
834,7.0,7.0,7.0,6.999999999999997,7.0,Yes,Yes,Yes,Yes,Yes
2374,12.0,12.00008345224053,11.999999999565041,12.000000000000009,12.000049,Yes,Yes,Yes,Yes,Yes
726,10.0,10.000000001924342,10.000000002017774,10.000000000000005,9.999946,Yes,Yes,Yes,Yes,Yes
1159,10.0,10.000000001924342,10.000000002017774,10.000000000000005,10.000003,Yes,Yes,Yes,Yes,Yes
3362,9.0,9.0,9.0,9.000000000000004,8.999981,Yes,Yes,Yes,Yes,Yes
3,10.0,10.000000001924342,10.000000002017774,10.000000000000004,9.999937,Yes,Yes,Yes,Yes,Yes
2606,10.0,10.000000001924342,10.000000002017774,10.000000000000005,10.0000105,Yes,Yes,Yes,Yes,Yes
2078,8.0,8.0,8.0,8.0,7.999966,Yes,Yes,Yes,Yes,Yes
7,10.77436173897337,10.756586794227337,10.760781004281363,10.774361738973376,10.793971,Yes,Yes,Yes,Yes,Yes
2809,11.0,10.999953967825064,11.000005365581542,11.000000000000007,11.000012,Yes,Yes,Yes,Yes,Yes
2217,13.0,13.000480320254908,13.0,13.00000000000001,13.000096,Yes,Yes,Yes,Yes,Yes
3757,10.0,10.000000001924342,10.000000002017774,10.000000000000005,10.000018,Yes,Yes,Yes,Yes,Yes
403,10.0,10.000000001924342,10.000000002017774,10.000000000000004,10.000056,Yes,Yes,Yes,Yes,Yes
3635,6.0,6.0,6.0,5.999999999999996,6.000024,Yes,Yes,Yes,Yes,Yes
50,8.0,8.0,8.0,8.0,7.999992,Yes,Yes,Yes,Yes,Yes
2118,8.0,8.0,8.0,8.0,7.999999,Yes,Yes,Yes,Yes,Yes
650,5.0,5.0,5.0,4.999999999999993,5.000056,No,No,No,No,Yes
3623,10.0,10.000000001924342,10.000000002017774,10.000000000000005,9.999996,Yes,Yes,Yes,Yes,Yes
2008,7.0,7.0,7.0,6.999999999999997,7.0,Yes,Yes,Yes,Yes,Yes
3334,8.0,8.0,8.0,8.0,7.99998,Yes,Yes,Yes,Yes,Yes
558,13.0,13.000480320254908,13.0,13.00000000000001,12.999847,Yes,Yes,Yes,Yes,Yes
781,12.0,12.00008345224053,11.999999999565041,12.000000000000009,11.999665,Yes,Yes,Yes,Yes,Yes
1508,11.0,10.999953967825064,11.000005365581542,11.000000000000009,10.999947,Yes,Yes,Yes,Yes,Yes
1502,11.0,10.999953967825064,11.000005365581542,11.000000000000009,11.000017,Yes,Yes,Yes,Yes,Yes
2854,11.0,10.999953967825064,11.000005365581542,11.000000000000004,10.999971,Yes,Yes,Yes,Yes,Yes
2722,7.0,7.0,7.0,6.999999999999997,7.0,Yes,Yes,Yes,Yes,Yes
3315,9.0,9.0,9.0,9.000000000000004,8.999991,Yes,Yes,Yes,Yes,Yes
3846,6.0,6.0,6.0,5.999999999999995,6.000024,Yes,Yes,Yes,Yes,Yes
4175,10.0,10.000000001924342,10.000000002017774,10.000000000000005,10.00001,Yes,Yes,Yes,Yes,Yes
1556,7.0,7.0,7.0,6.999999999999997,7.0,Yes,Yes,Yes,Yes,Yes
891,12.695074748090054,12.704366756290014,12.709169463101533,12.695074748090063,12.69532,Yes,Yes,Yes,Yes,Yes
1364,12.0,12.00008345224053,11.999999999565041,12.00000000000001,12.00004,Yes,Yes,Yes,Yes,Yes
1698,11.0,10.999953967825064,11.000005365581542,11.000000000000007,11.000025,Yes,Yes,Yes,Yes,Yes
1852,8.0,8.0,8.0,8.0,7.99998,Yes,Yes,Yes,Yes,Yes
372,11.43260117446828,11.441248962241858,11.442751823155291,11.432601174468283,11.431723,Yes,Yes,Yes,Yes,Yes
854,10.0,10.000000001924342,10.000000002017774,10.000000000000005,9.999983,Yes,Yes,Yes,Yes,Yes
1881,6.0,6.0,6.0,5.999999999999996,6.000063,Yes,Yes,Yes,Yes,Yes
3336,11.0,10.999953967825064,11.000005365581542,11.000000000000005,10.999955,Yes,Yes,Yes,Yes,Yes
318,11.135783302537945,11.162368548473403,11.15324441057162,11.135783302537952,11.1524725,Yes,Yes,Yes,Yes,Yes
3622,10.0,10.000000001924342,10.000000002017774,10.000000000000005,9.999992,Yes,Yes,Yes,Yes,Yes
4117,9.0,9.0,9.0,9.000000000000004,9.000014,Yes,Yes,Yes,Yes,Yes
1945,11.0,10.999953967825064,11.000005365581542,11.000000000000007,11.000056,Yes,Yes,Yes,Yes,Yes
3960,11.0,10.999953967825064,11.000005365581542,11.000000000000007,10.999982,Yes,Yes,Yes,Yes,Yes
3269,12.0,12.00008345224053,11.999999999565041,12.000000000000009,12.001066,Yes,Yes,Yes,Yes,Yes
563,11.0,10.999953967825064,11.000005365581542,11.000000000000005,10.999936,Yes,Yes,Yes,Yes,Yes
427,11.57756409854994,11.581615682581095,11.588198504659097,11.577564098549948,11.586003,Yes,Yes,Yes,Yes,Yes
2444,9.0,9.0,9.0,9.000000000000004,8.999882,Yes,Yes,Yes,Yes,Yes
2586,7.0,7.0,7.0,6.999999999999999,7.0000224,Yes,Yes,Yes,Yes,Yes
3395,13.0,13.000480320254908,13.0,13.00000000000001,13.00003,Yes,Yes,Yes,Yes,Yes
1122,9.0,9.0,9.0,9.000000000000002,9.0000725,Yes,Yes,Yes,Yes,Yes
957,6.0,6.0,6.0,5.999999999999996,6.0000377,Yes,Yes,Yes,Yes,Yes
2665,8.0,8.0,8.0,8.0,7.9999695,Yes,Yes,Yes,Yes,Yes
262,11.0,10.999953967825064,11.000005365581542,11.000000000000007,10.999869,Yes,Yes,Yes,Yes,Yes
769,10.392203568752196,10.40449643489191,10.394908150368373,10.392203568752201,10.410279,Yes,Yes,Yes,Yes,Yes
1322,10.0,10.000000001924342,10.000000002017774,10.000000000000005,10.000234,Yes,Yes,Yes,Yes,Yes
2336,11.051792268605777,11.036388877539851,11.044588973572116,11.051792268605782,11.053639,Yes,Yes,Yes,Yes,Yes
4124,8.0,8.0,8.0,8.000000000000002,7.99998,Yes,Yes,Yes,Yes,Yes
171,7.0,7.0,7.0,6.999999999999997,7.0000987,Yes,Yes,Yes,Yes,Yes
3816,8.0,8.0,8.0,8.000000000000002,7.9999804,Yes,Yes,Yes,Yes,Yes
1737,10.0,10.000000001924342,10.000000002017774,10.000000000000005,10.000022,Yes,Yes,Yes,Yes,Yes
1156,10.0,10.000000001924342,10.000000002017774,10.000000000000005,9.999984,Yes,Yes,Yes,Yes,Yes
3286,14.0,14.0,14.0,14.000000000000012,14.000016,Yes,Yes,Yes,Yes,Yes
1805,9.0,9.0,9.0,9.000000000000004,9.000004,Yes,Yes,Yes,Yes,Yes
3447,8.0,8.0,8.0,8.000000000000002,7.9999857,Yes,Yes,Yes,Yes,Yes
3505,10.0,10.000000001924342,10.000000002017774,10.000000000000004,9.999977,Yes,Yes,Yes,Yes,Yes
3477,6.0,6.0,6.0,5.999999999999996,6.000024,Yes,Yes,Yes,Yes,Yes
3541,8.0,8.0,8.0,8.000000000000002,7.99998,Yes,Yes,Yes,Yes,Yes
3475,6.0,6.0,6.0,5.9999999999999964,6.000024,Yes,Yes,Yes,Yes,Yes
3701,10.0,10.000000001924342,10.000000002017774,10.000000000000005,9.999981,Yes,Yes,Yes,Yes,Yes
1658,8.0,8.0,8.0,8.0,7.9996734,Yes,Yes,Yes,Yes,Yes
2723,7.0,7.0,7.0,6.999999999999997,7.0,Yes,Yes,Yes,Yes,Yes
1735,11.0,10.999953967825064,11.000005365581542,11.000000000000009,10.999956,Yes,Yes,Yes,Yes,Yes
2883,8.0,8.0,8.0,8.000000000000002,7.99998,Yes,Yes,Yes,Yes,Yes
2102,9.0,9.0,9.0,9.000000000000004,8.999978,Yes,Yes,Yes,Yes,Yes
133,7.0,7.0,7.0,6.999999999999997,7.0,Yes,Yes,Yes,Yes,Yes
3563,8.0,8.0,8.0,8.0,7.999757,Yes,Yes,Yes,Yes,Yes
2712,4.0,4.000000010637708,4.00000001051315,3.999999999999991,3.999894,No,No,No,No,No
703,12.0,12.00008345224053,11.999999999565041,12.000000000000009,12.000013,Yes,Yes,Yes,Yes,Yes
394,6.0,6.0,6.0,5.999999999999994,6.000024,Yes,Yes,Yes,Yes,Yes
936,7.0,7.0,7.0,6.999999999999998,7.0000134,Yes,Yes,Yes,Yes,Yes
541,11.0,10.999953967825064,11.000005365581542,11.000000000000007,10.999955,Yes,Yes,Yes,Yes,Yes
3777,9.0,9.0,9.0,9.000000000000004,9.000315,Yes,Yes,Yes,Yes,Yes
2166,6.0,6.0,6.0,5.999999999999996,6.000024,Yes,Yes,Yes,Yes,Yes
3940,11.0,10.999953967825064,11.000005365581542,11.000000000000007,10.999847,Yes,Yes,Yes,Yes,Yes
1120,7.0,7.0,7.0,6.999999999999999,7.000007,Yes,Yes,Yes,Yes,Yes
630,9.0,9.0,9.0,9.000000000000002,8.9999695,Yes,Yes,Yes,Yes,Yes
254,15.0,14.99999999152457,14.999999991452597,15.000000000000016,14.999992,Yes,Yes,Yes,Yes,Yes
2991,8.0,8.0,8.0,8.0,8.000008,Yes,Yes,Yes,Yes,Yes
1542,7.0,7.0,7.0,6.999999999999998,7.0,Yes,Yes,Yes,Yes,Yes
1351,12.0,12.00008345224053,11.999999999565041,12.000000000000009,11.996764,Yes,Yes,Yes,Yes,Yes
1404,10.0,10.000000001924342,10.000000002017774,10.000000000000004,9.99993,Yes,Yes,Yes,Yes,Yes
3889,12.0,12.00008345224053,11.999999999565041,12.000000000000007,12.00013,Yes,Yes,Yes,Yes,Yes
2509,6.0,6.0,6.0,5.999999999999996,6.000024,Yes,Yes,Yes,Yes,Yes
126,6.0,6.0,6.0,5.999999999999996,6.000024,Yes,Yes,Yes,Yes,Yes
931,6.0,6.0,6.0,5.999999999999996,6.0000296,Yes,Yes,Yes,Yes,Yes
2824,7.0,7.0,7.0,6.999999999999997,7.0,Yes,Yes,Yes,Yes,Yes
1565,7.0,7.0,7.0,6.999999999999997,7.0,Yes,Yes,Yes,Yes,Yes
2259,13.0,13.000480320254908,13.0,13.00000000000001,13.000123,Yes,Yes,Yes,Yes,Yes
3461,11.0,10.999953967825064,11.000005365581542,11.000000000000005,11.000076,Yes,Yes,Yes,Yes,Yes
588,14.0,14.0,14.0,14.000000000000012,14.00028,Yes,Yes,Yes,Yes,Yes
1893,10.0,10.000000001924342,10.000000002017774,10.000000000000005,10.000011,Yes,Yes,Yes,Yes,Yes
1520,10.0,10.000000001924342,10.000000002017774,10.000000000000005,10.000028,Yes,Yes,Yes,Yes,Yes
1047,12.0,12.00008345224053,11.999999999565041,12.00000000000001,11.999866,Yes,Yes,Yes,Yes,Yes
685,15.0,14.99999999152457,14.999999991452597,15.000000000000016,14.9996395,Yes,Yes,Yes,Yes,Yes
28,15.0,14.99999999152457,14.999999991452597,15.000000000000014,14.999932,Yes,Yes,Yes,Yes,Yes
268,9.0,9.0,9.0,9.000000000000002,8.9996395,Yes,Yes,Yes,Yes,Yes
2495,12.0,12.00008345224053,11.999999999565041,12.000000000000009,11.99966,Yes,Yes,Yes,Yes,Yes
1141,10.0,10.000000001924342,10.000000002017774,10.000000000000004,9.999914,Yes,Yes,Yes,Yes,Yes
3858,12.0,12.00008345224053,11.999999999565041,12.000000000000007,11.9998865,Yes,Yes,Yes,Yes,Yes
2544,10.0,10.000000001924342,10.000000002017774,10.000000000000007,9.99999,Yes,Yes,Yes,Yes,Yes
3791,11.0,10.999953967825064,11.000005365581542,11.000000000000007,11.000055,Yes,Yes,Yes,Yes,Yes
2753,8.0,8.0,8.0,8.000000000000002,7.99998,Yes,Yes,Yes,Yes,Yes
3895,13.0,13.000480320254908,13.0,13.000000000000009,12.99964,Yes,Yes,Yes,Yes,Yes
2032,12.0,12.00008345224053,11.999999999565041,12.000000000000009,11.999608,Yes,Yes,Yes,Yes,Yes
893,5.0,5.0,5.0,4.999999999999993,5.000045,No,No,No,No,Yes
2000,9.0,9.0,9.0,9.000000000000002,8.999989,Yes,Yes,Yes,Yes,Yes
1919,10.0,10.000000001924342,10.000000002017774,10.000000000000004,9.999867,Yes,Yes,Yes,Yes,Yes
1938,10.0,10.000000001924342,10.000000002017774,10.000000000000005,9.999908,Yes,Yes,Yes,Yes,Yes
4146,10.0,10.000000001924342,10.000000002017774,10.000000000000005,9.99999,Yes,Yes,Yes,Yes,Yes
598,12.0,12.00008345224053,11.999999999565041,12.000000000000009,11.999598,Yes,Yes,Yes,Yes,Yes
3914,10.641151657187756,10.657091816935594,10.659287854485692,10.641151657187761,10.650501,Yes,Yes,Yes,Yes,Yes
2097,7.0,7.0,7.0,6.999999999999997,7.0000005,Yes,Yes,Yes,Yes,Yes
2818,8.0,8.0,8.0,8.0,7.99998,Yes,Yes,Yes,Yes,Yes
994,8.0,8.0,8.0,8.000000000000002,8.000011,Yes,Yes,Yes,Yes,Yes
1398,11.0,10.999953967825064,11.000005365581542,11.000000000000009,10.99983,Yes,Yes,Yes,Yes,Yes
3948,12.0,12.00008345224053,11.999999999565041,12.000000000000007,12.000397,Yes,Yes,Yes,Yes,Yes
1162,9.0,9.0,9.0,9.000000000000004,8.999998,Yes,Yes,Yes,Yes,Yes
2481,8.0,8.0,8.0,8.000000000000002,7.9999804,Yes,Yes,Yes,Yes,Yes
1448,9.0,9.0,9.0,9.0,8.9999695,Yes,Yes,Yes,Yes,Yes
3348,13.0,13.000480320254908,13.0,13.000000000000012,13.000373,Yes,Yes,Yes,Yes,Yes
1535,6.0,6.0,6.0,5.999999999999996,6.000024,Yes,Yes,Yes,Yes,Yes
3735,9.0,9.0,9.0,9.000000000000002,8.999991,Yes,Yes,Yes,Yes,Yes
3720,7.0,7.0,7.0,6.999999999999997,7.0000057,Yes,Yes,Yes,Yes,Yes
3331,11.0,10.999953967825064,11.000005365581542,11.000000000000005,11.000016,Yes,Yes,Yes,Yes,Yes
3257,9.0,9.0,9.0,9.000000000000004,8.999985,Yes,Yes,Yes,Yes,Yes
3178,8.0,8.0,8.0,8.0,7.9999804,Yes,Yes,Yes,Yes,Yes
1329,8.0,8.0,8.0,8.0,7.9998975,Yes,Yes,Yes,Yes,Yes
255,15.0,14.99999999152457,14.999999991452597,15.000000000000014,15.000695,Yes,Yes,Yes,Yes,Yes
3797,13.0,13.000480320254908,13.0,13.00000000000001,13.00065,Yes,Yes,Yes,Yes,Yes
1232,7.0,7.0,7.0,6.999999999999997,7.0,Yes,Yes,Yes,Yes,Yes
3060,11.0,10.999953967825064,11.000005365581542,11.000000000000007,10.999966,Yes,Yes,Yes,Yes,Yes
2706,11.0,10.999953967825064,11.000005365581542,11.000000000000007,11.000037,Yes,Yes,Yes,Yes,Yes
2448,7.0,7.0,7.0,6.999999999999997,7.000023,Yes,Yes,Yes,Yes,Yes
107,10.0,10.000000001924342,10.000000002017774,10.000000000000005,10.000044,Yes,Yes,Yes,Yes,Yes
2842,9.0,9.0,9.0,9.000000000000002,9.000002,Yes,Yes,Yes,Yes,Yes
3017,8.0,8.0,8.0,8.0,7.99998,Yes,Yes,Yes,Yes,Yes
2553,7.0,7.0,7.0,6.999999999999998,7.0,Yes,Yes,Yes,Yes,Yes
1519,10.0,10.000000001924342,10.000000002017774,10.000000000000007,10.000039,Yes,Yes,Yes,Yes,Yes
1787,8.0,8.0,8.0,8.0,7.9999933,Yes,Yes,Yes,Yes,Yes
3075,11.0,10.999953967825064,11.000005365581542,11.000000000000007,11.000007,Yes,Yes,Yes,Yes,Yes
2766,8.0,8.0,8.0,8.0,7.999988,Yes,Yes,Yes,Yes,Yes
1410,10.0,10.000000001924342,10.000000002017774,10.000000000000005,9.99984,Yes,Yes,Yes,Yes,Yes
2529,8.0,8.0,8.0,8.0,8.000021,Yes,Yes,Yes,Yes,Yes
